<?xml version="1.0" encoding="iso-8859-1"?>
<DISS_submission publishing_option="0" embargo_code="0" third_party_search="Y">
  <DISS_authorship>
    <DISS_author type="primary">
      <DISS_name>
        <DISS_surname>Fletchley</DISS_surname>
        <DISS_fname>Justin</DISS_fname>
        <DISS_middle>Finch</DISS_middle>
        <DISS_suffix/>
        <DISS_affiliation>University of California, Santa Barbara</DISS_affiliation>
      </DISS_name>
      <DISS_contact type="current">
        <DISS_contact_effdt>12/19/2014</DISS_contact_effdt>
        <DISS_phone_fax type="P">
          <DISS_cntry_cd>0</DISS_cntry_cd>
          <DISS_area_code>666</DISS_area_code>
          <DISS_phone_num>4201999</DISS_phone_num>
          <DISS_phone_ext/>
        </DISS_phone_fax>
        <DISS_address>
          <DISS_addrline>1 Fake Road</DISS_addrline>
          <DISS_city>Unreal City</DISS_city>
          <DISS_st>State of Denial</DISS_st>
          <DISS_pcode>00000</DISS_pcode>
          <DISS_country>Earth</DISS_country>
        </DISS_address>
        <DISS_email>fake@hotmail.con</DISS_email>
      </DISS_contact>
      <DISS_contact type="future">
        <DISS_contact_effdt>12/19/2014</DISS_contact_effdt>
        <DISS_phone_fax type="P">
          <DISS_cntry_cd>0</DISS_cntry_cd>
          <DISS_area_code>666</DISS_area_code>
          <DISS_phone_num>4201999</DISS_phone_num>
          <DISS_phone_ext/>
        </DISS_phone_fax>
        <DISS_address>
          <DISS_addrline>1 Fake Road</DISS_addrline>
          <DISS_city>Unreal City</DISS_city>
          <DISS_st>State of Denial</DISS_st>
          <DISS_pcode>00000</DISS_pcode>
          <DISS_country>Earth</DISS_country>
        </DISS_address>
        <DISS_email>fake@hotmail.con</DISS_email>
      </DISS_contact>
      <DISS_citizenship>N/A</DISS_citizenship>
    </DISS_author>
  </DISS_authorship>
  <DISS_description page_count="151" type="masters" external_id="http://dissertations.umi.com/ucsb:12477" apply_for_copyright="yes">
    <DISS_title>Education in Crises: Pedagogy in Dangerous Environments</DISS_title>
    <DISS_dates>
      <DISS_comp_date>2014</DISS_comp_date>
      <DISS_accept_date>01/01/2014</DISS_accept_date>
    </DISS_dates>
    <DISS_degree>M.A.</DISS_degree>
    <DISS_institution>
      <DISS_inst_code>0035</DISS_inst_code>
      <DISS_inst_name>University of California, Santa Barbara</DISS_inst_name>
      <DISS_inst_contact>Global and International Studies</DISS_inst_contact>
      <DISS_processing_code>N</DISS_processing_code>
    </DISS_institution>
    <DISS_advisor>
      <DISS_name>
        <DISS_surname>Jorkins</DISS_surname>
        <DISS_fname>Bertha</DISS_fname>
        <DISS_middle/>
      </DISS_name>
    </DISS_advisor>
    <DISS_cmte_member>
      <DISS_name>
        <DISS_surname>Pettigrew</DISS_surname>
        <DISS_fname>Peter</DISS_fname>
        <DISS_middle/>
        <DISS_suffix/>
        <DISS_affiliation/>
      </DISS_name>
    </DISS_cmte_member>
    <DISS_cmte_member>
      <DISS_name>
        <DISS_surname>Aubrey</DISS_surname>
        <DISS_fname>Betram</DISS_fname>
        <DISS_middle/>
        <DISS_suffix/>
        <DISS_affiliation/>
      </DISS_name>
    </DISS_cmte_member>
    <DISS_categorization>
      <DISS_category>
        <DISS_cat_code>0626</DISS_cat_code>
        <DISS_cat_desc>Sociology</DISS_cat_desc>
      </DISS_category>
      <DISS_category>
        <DISS_cat_code>0515</DISS_cat_code>
        <DISS_cat_desc>Education</DISS_cat_desc>
      </DISS_category>
      <DISS_category>
        <DISS_cat_code>0454</DISS_cat_code>
        <DISS_cat_desc>Management</DISS_cat_desc>
      </DISS_category>
      <DISS_keyword>Hogwarts, Snakes</DISS_keyword>
      <DISS_language>en</DISS_language>
    </DISS_categorization>
  </DISS_description>
  <DISS_content>
    <DISS_abstract>
      <DISS_para>The Honourable John Yates, this new friend, had not much to recommend him beyond habits of fashion and expense, and being the younger son of a lord with a tolerable independence; and Sir Thomas would probably have thought his introduction at Mansfield by no means desirable. Mr. Bertram's acquaintance with him had begun at Weymouth, where they had spent ten days together in the same society, and the friendship, if friendship it might be called, had been proved and perfected by Mr. Yates's being invited to take Mansfield in his way, whenever he could, and by his promising to come; and he did come rather earlier than had been expected, in consequence of the sudden breaking-up of a large party assembled for gaiety at the house of another friend, which he had left Weymouth to join. He came on the wings of disappointment, and with his head full of acting, for it had been a theatrical party; and the play in which he had borne a part was within two days of representation, when the sudden death of one of the nearest connexions of the family had destroyed the scheme and dispersed the performers. To be so near happiness, so near fame, so near the long paragraph in praise of the private theatricals at Ecclesford, the seat of the Right Hon. Lord Ravenshaw, in Cornwall, which would of course have immortalised the whole party for at least a twelvemonth! and being so near, to lose it all, was an injury to be keenly felt, and Mr. Yates could talk of nothing else. Ecclesford and its theatre, with its arrangements and dresses, rehearsals and jokes, was his never-failing subject, and to boast of the past his only consolation.</DISS_para>
    </DISS_abstract>
    <DISS_binary type="PDF">Fletchley_ucsb_0035N_12477.pdf</DISS_binary>
  </DISS_content>
  <DISS_restriction/>
  <DISS_repository>
    <DISS_version>2014-06-04 13:56:24</DISS_version>
    <DISS_agreement_decision_date>2014-12-19 17:51:31</DISS_agreement_decision_date>
    <DISS_acceptance>1</DISS_acceptance>
    <DISS_delayed_release/>
    <DISS_access_option>Campus use only</DISS_access_option>
  </DISS_repository>
</DISS_submission>
