<?xml version="1.0" encoding="iso-8859-1"?>
<DISS_submission publishing_option="0" embargo_code="3" third_party_search="Y">
  <DISS_authorship>
    <DISS_author type="primary">
      <DISS_name>
        <DISS_surname>Calcifer</DISS_surname>
        <DISS_fname>Greg</DISS_fname>
        <DISS_middle>P</DISS_middle>
        <DISS_suffix/>
        <DISS_affiliation>University of California, Santa Barbara</DISS_affiliation>
      </DISS_name>
      <DISS_contact type="current">
        <DISS_contact_effdt>12/04/2014</DISS_contact_effdt>
        <DISS_phone_fax type="P">
          <DISS_cntry_cd>0</DISS_cntry_cd>
          <DISS_area_code>666</DISS_area_code>
          <DISS_phone_num>4201999</DISS_phone_num>
          <DISS_phone_ext/>
        </DISS_phone_fax>
        <DISS_address>
          <DISS_addrline>1 Fake Road</DISS_addrline>
          <DISS_city>Unreal City</DISS_city>
          <DISS_st>State of Denial</DISS_st>
          <DISS_pcode>00000</DISS_pcode>
          <DISS_country>Earth</DISS_country>
        </DISS_address>
        <DISS_email>fake@hotmail.con</DISS_email>
      </DISS_contact>
      <DISS_contact type="future">
        <DISS_contact_effdt>12/04/2014</DISS_contact_effdt>
        <DISS_phone_fax type="P">
          <DISS_cntry_cd>0</DISS_cntry_cd>
          <DISS_area_code>666</DISS_area_code>
          <DISS_phone_num>4201999</DISS_phone_num>
          <DISS_phone_ext/>
        </DISS_phone_fax>
        <DISS_address>
          <DISS_addrline>1 Fake Road</DISS_addrline>
          <DISS_city>Unreal City</DISS_city>
          <DISS_st>State of Denial</DISS_st>
          <DISS_pcode>00000</DISS_pcode>
          <DISS_country>Earth</DISS_country>
        </DISS_address>
        <DISS_email>fake@hotmail.con</DISS_email>
      </DISS_contact>
      <DISS_citizenship>N/A</DISS_citizenship>
    </DISS_author>
  </DISS_authorship>
  <DISS_description page_count="444" type="doctoral" external_id="http://dissertations.umi.com/ucsb:12413" apply_for_copyright="no">
    <DISS_title>Energy Extraction from Hair and Other Things</DISS_title>
    <DISS_dates>
      <DISS_comp_date>2014</DISS_comp_date>
      <DISS_accept_date>01/01/2014</DISS_accept_date>
    </DISS_dates>
    <DISS_degree>Ph.D.</DISS_degree>
    <DISS_institution>
      <DISS_inst_code>0035</DISS_inst_code>
      <DISS_inst_name>University of California, Santa Barbara</DISS_inst_name>
      <DISS_inst_contact>Physics</DISS_inst_contact>
      <DISS_processing_code>D</DISS_processing_code>
    </DISS_institution>
    <DISS_advisor>
      <DISS_name>
        <DISS_surname>Abbott</DISS_surname>
        <DISS_fname>Hannah</DISS_fname>
        <DISS_middle>D</DISS_middle>
      </DISS_name>
    </DISS_advisor>
    <DISS_cmte_member>
      <DISS_name>
        <DISS_surname>Benson</DISS_surname>
        <DISS_fname>Amy</DISS_fname>
        <DISS_middle/>
        <DISS_suffix/>
        <DISS_affiliation/>
      </DISS_name>
    </DISS_cmte_member>
    <DISS_cmte_member>
      <DISS_name>
        <DISS_surname>Nott</DISS_surname>
        <DISS_fname>Theo</DISS_fname>
        <DISS_middle/>
        <DISS_suffix/>
        <DISS_affiliation/>
      </DISS_name>
    </DISS_cmte_member>
    <DISS_categorization>
      <DISS_category>
        <DISS_cat_code>0605</DISS_cat_code>
        <DISS_cat_desc>Physics</DISS_cat_desc>
      </DISS_category>
      <DISS_keyword>Hair, Energy, Fire</DISS_keyword>
      <DISS_language>en</DISS_language>
    </DISS_categorization>
  </DISS_description>
  <DISS_content>
    <DISS_abstract>
      <DISS_para>Sir Thomas was to return in November, and his eldest son had duties to call him earlier home. The approach of September brought tidings of Mr. Bertram, first in a letter to the gamekeeper and then in a letter to Edmund; and by the end of August he arrived himself, to be gay, agreeable, and gallant again as occasion served, or Miss Crawford demanded; to tell of races and Weymouth, and parties and friends, to which she might have listened six weeks before with some interest, and altogether to give her the fullest conviction, by the power of actual comparison, of her preferring his younger brother.</DISS_para>
      <DISS_para>It was very vexatious, and she was heartily sorry for it; but so it was; and so far from now meaning to marry the elder, she did not even want to attract him beyond what the simplest claims of conscious beauty required: his lengthened absence from Mansfield, without anything but pleasure in view, and his own will to consult, made it perfectly clear that he did not care about her; and his indifference was so much more than equalled by her own, that were he now to step forth the owner of Mansfield Park, the Sir Thomas complete, which he was to be in time, she did not believe she could accept him.</DISS_para>
    </DISS_abstract>
    <DISS_binary type="PDF">Calcifer_ucsb_0035D_12413.pdf</DISS_binary>
  </DISS_content>
  <DISS_restriction/>
  <DISS_repository>
    <DISS_version>2014-06-04 13:56:24</DISS_version>
    <DISS_agreement_decision_date>2014-12-04 12:06:49</DISS_agreement_decision_date>
    <DISS_acceptance>1</DISS_acceptance>
    <DISS_delayed_release>2 years</DISS_delayed_release>
    <DISS_access_option>Open access</DISS_access_option>
  </DISS_repository>
</DISS_submission>
