<?xml version="1.0" encoding="iso-8859-1"?>
<DISS_submission publishing_option="0" embargo_code="2" third_party_search="Y">
  <DISS_authorship>
    <DISS_author type="primary">
      <DISS_name>
        <DISS_surname>Panzer</DISS_surname>
        <DISS_fname>Igor</DISS_fname>
        <DISS_middle/>
        <DISS_suffix/>
        <DISS_affiliation>University of California, Santa Barbara</DISS_affiliation>
      </DISS_name>
      <DISS_contact type="current">
        <DISS_contact_effdt>03/20/2014</DISS_contact_effdt>
        <DISS_phone_fax type="P">
          <DISS_cntry_cd>0</DISS_cntry_cd>
          <DISS_area_code>666</DISS_area_code>
          <DISS_phone_num>4201999</DISS_phone_num>
          <DISS_phone_ext/>
        </DISS_phone_fax>
        <DISS_address>
          <DISS_addrline>1 Fake Road</DISS_addrline>
          <DISS_city>Unreal City</DISS_city>
          <DISS_st>State of Denial</DISS_st>
          <DISS_pcode>00000</DISS_pcode>
          <DISS_country>Earth</DISS_country>
        </DISS_address>
        <DISS_email>fake@hotmail.con</DISS_email>
      </DISS_contact>
      <DISS_contact type="future">
        <DISS_contact_effdt>09/12/2014</DISS_contact_effdt>
        <DISS_phone_fax type="P">
          <DISS_cntry_cd>0</DISS_cntry_cd>
          <DISS_area_code>666</DISS_area_code>
          <DISS_phone_num>4201999</DISS_phone_num>
          <DISS_phone_ext/>
        </DISS_phone_fax>
        <DISS_address>
          <DISS_addrline>1 Fake Road</DISS_addrline>
          <DISS_city>Unreal City</DISS_city>
          <DISS_st>State of Denial</DISS_st>
          <DISS_pcode>00000</DISS_pcode>
          <DISS_country>Earth</DISS_country>
        </DISS_address>
        <DISS_email>fake@hotmail.con</DISS_email>
      </DISS_contact>
      <DISS_citizenship>N/A</DISS_citizenship>
    </DISS_author>
  </DISS_authorship>
  <DISS_description page_count="2000" type="doctoral" external_id="http://dissertations.umi.com/ucsb:12080" apply_for_copyright="no">
    <DISS_title>How to Survive Underwater for At Least One Hour</DISS_title>
    <DISS_dates>
      <DISS_comp_date>2014</DISS_comp_date>
      <DISS_accept_date>01/01/2014</DISS_accept_date>
    </DISS_dates>
    <DISS_degree>Ph.D.</DISS_degree>
    <DISS_institution>
      <DISS_inst_code>0035</DISS_inst_code>
      <DISS_inst_name>University of California, Santa Barbara</DISS_inst_name>
      <DISS_inst_contact>Ecology, Evolution &amp; Marine Biology</DISS_inst_contact>
      <DISS_processing_code>D</DISS_processing_code>
    </DISS_institution>
    <DISS_advisor>
      <DISS_name>
        <DISS_surname>Elm</DISS_surname>
        <DISS_fname>Mossy</DISS_fname>
        <DISS_middle/>
      </DISS_name>
    </DISS_advisor>
    <DISS_cmte_member>
      <DISS_name>
        <DISS_surname>Hedge</DISS_surname>
        <DISS_fname>Damp</DISS_fname>
        <DISS_middle/>
        <DISS_suffix/>
        <DISS_affiliation/>
      </DISS_name>
    </DISS_cmte_member>
    <DISS_cmte_member>
      <DISS_name>
        <DISS_surname>Tomato</DISS_surname>
        <DISS_fname>Mushy</DISS_fname>
        <DISS_middle/>
        <DISS_suffix/>
        <DISS_affiliation/>
      </DISS_name>
    </DISS_cmte_member>
    <DISS_categorization>
      <DISS_category>
        <DISS_cat_code>0306</DISS_cat_code>
        <DISS_cat_desc>Biology</DISS_cat_desc>
      </DISS_category>
      <DISS_category>
        <DISS_cat_code>0715</DISS_cat_code>
        <DISS_cat_desc>Bioinformatics</DISS_cat_desc>
      </DISS_category>
      <DISS_category>
        <DISS_cat_code>0412</DISS_cat_code>
        <DISS_cat_desc>Evolution &amp; development</DISS_cat_desc>
      </DISS_category>
      <DISS_keyword>Gillyweed</DISS_keyword>
      <DISS_language>en</DISS_language>
    </DISS_categorization>
  </DISS_description>
  <DISS_content>
    <DISS_abstract>
      <DISS_para>And without attempting any farther remonstrance, she left Fanny to her fate, a fate which, had not Fanny's heart been guarded in a way unsuspected by Miss Crawford, might have been a little harder than she deserved; for although there doubtless are such unconquerable young ladies of eighteen (or one should not read about them) as are never to be persuaded into love against their judgment by all that talent, manner, attention, and flattery can do, I have no inclination to believe Fanny one of them, or to think that with so much tenderness of disposition, and so much taste as belonged to her, she could have escaped heart-whole from the courtship (though the courtship only of a fortnight) of such a man as Crawford, in spite of there being some previous ill opinion of him to be overcome, had not her affection been engaged elsewhere. With all the security which love of another and disesteem of him could give to the peace of mind he was attacking, his continued attentions -- continued, but not obtrusive, and adapting themselves more and more to the gentleness and delicacy of her character -- obliged her very soon to dislike him less than formerly. She had by no means forgotten the past, and she thought as ill of him as ever; but she felt his powers: he was entertaining; and his manners were so improved, so polite, so seriously and blamelessly polite, that it was impossible not to be civil to him in return.</DISS_para>
    </DISS_abstract>
    <DISS_binary type="PDF">Pankey_ucsb_0035D_12080.pdf</DISS_binary>
    <DISS_attachment>
      <DISS_file_name>dissertation_v2.pdf</DISS_file_name>
      <DISS_file_category>pdf</DISS_file_category>
      <DISS_file_descr>Dissertation</DISS_file_descr>
    </DISS_attachment>
  </DISS_content>
  <DISS_restriction/>
  <DISS_repository>
    <DISS_version/>
    <DISS_agreement_decision_date/>
    <DISS_acceptance/>
    <DISS_delayed_release/>
    <DISS_access_option/>
  </DISS_repository>
</DISS_submission>
