<?xml version="1.0" encoding="iso-8859-1"?>
<DISS_submission publishing_option="0" embargo_code="3" third_party_search="N">
  <DISS_authorship>
    <DISS_author type="primary">
      <DISS_name>
        <DISS_surname>Jones</DISS_surname>
        <DISS_fname>Mansfield</DISS_fname>
        <DISS_middle>Vermin</DISS_middle>
        <DISS_suffix/>
        <DISS_affiliation>University of California, Santa Barbara</DISS_affiliation>
      </DISS_name>
      <DISS_contact type="current">
        <DISS_contact_effdt>12/13/2013</DISS_contact_effdt>
        <DISS_phone_fax type="P">
          <DISS_cntry_cd>0</DISS_cntry_cd>
          <DISS_area_code>666</DISS_area_code>
          <DISS_phone_num>4201999</DISS_phone_num>
          <DISS_phone_ext/>
        </DISS_phone_fax>
        <DISS_address>
          <DISS_addrline>1 Fake Road</DISS_addrline>
          <DISS_city>Unreal City</DISS_city>
          <DISS_st>State of Denial</DISS_st>
          <DISS_pcode>00000</DISS_pcode>
          <DISS_country>Earth</DISS_country>
        </DISS_address>
        <DISS_email>fake@hotmail.con</DISS_email>
      </DISS_contact>
      <DISS_contact type="future">
        <DISS_contact_effdt>12/13/2013</DISS_contact_effdt>
        <DISS_phone_fax type="P">
          <DISS_cntry_cd>0</DISS_cntry_cd>
          <DISS_area_code>666</DISS_area_code>
          <DISS_phone_num>4201999</DISS_phone_num>
          <DISS_phone_ext/>
        </DISS_phone_fax>
        <DISS_address>
          <DISS_addrline>1 Fake Road</DISS_addrline>
          <DISS_city>Unreal City</DISS_city>
          <DISS_st>State of Denial</DISS_st>
          <DISS_pcode>00000</DISS_pcode>
          <DISS_country>Earth</DISS_country>
        </DISS_address>
        <DISS_email>fake@hotmail.con</DISS_email>
      </DISS_contact>
      <DISS_citizenship>N/A</DISS_citizenship>
    </DISS_author>
  </DISS_authorship>
  <DISS_description page_count="375" type="doctoral" external_id="http://dissertations.umi.com/ucsb:11993" apply_for_copyright="yes">
    <DISS_title>Seeing God Through the Croquet Hoops</DISS_title>
    <DISS_dates>
      <DISS_comp_date>2013</DISS_comp_date>
      <DISS_accept_date>01/01/2013</DISS_accept_date>
    </DISS_dates>
    <DISS_degree>Ph.D.</DISS_degree>
    <DISS_institution>
      <DISS_inst_code>0035</DISS_inst_code>
      <DISS_inst_name>University of California, Santa Barbara</DISS_inst_name>
      <DISS_inst_contact>Religious Studies</DISS_inst_contact>
      <DISS_processing_code>D</DISS_processing_code>
    </DISS_institution>
    <DISS_advisor>
      <DISS_name>
        <DISS_surname>Cattermole</DISS_surname>
        <DISS_fname>Mary</DISS_fname>
        <DISS_middle>A</DISS_middle>
      </DISS_name>
    </DISS_advisor>
    <DISS_cmte_member>
      <DISS_name>
        <DISS_surname>Cattermole</DISS_surname>
        <DISS_fname>Reginald</DISS_fname>
        <DISS_middle>M</DISS_middle>
        <DISS_suffix/>
        <DISS_affiliation/>
      </DISS_name>
    </DISS_cmte_member>
    <DISS_cmte_member>
      <DISS_name>
        <DISS_surname>Cramping</DISS_surname>
        <DISS_fname>Leg</DISS_fname>
        <DISS_middle/>
        <DISS_suffix/>
        <DISS_affiliation/>
      </DISS_name>
    </DISS_cmte_member>
    <DISS_categorization>
      <DISS_category>
        <DISS_cat_code>0318</DISS_cat_code>
        <DISS_cat_desc>Religion</DISS_cat_desc>
      </DISS_category>
      <DISS_category>
        <DISS_cat_code>0469</DISS_cat_code>
        <DISS_cat_desc>Theology</DISS_cat_desc>
      </DISS_category>
      <DISS_category>
        <DISS_cat_code>0322</DISS_cat_code>
        <DISS_cat_desc>Philosophy of Religion</DISS_cat_desc>
      </DISS_category>
      <DISS_keyword>Caribou, Christianity, Sport, Gone</DISS_keyword>
      <DISS_language>en</DISS_language>
    </DISS_categorization>
  </DISS_description>
  <DISS_content>
    <DISS_abstract>
      <DISS_para>Edmund's first object the next morning was to see his father alone, and give him a fair statement of the whole acting scheme, defending his own share in it as far only as he could then, in a soberer moment, feel his motives to deserve, and acknowledging, with perfect ingenuousness, that his concession had been attended with such partial good as to make his judgment in it very doubtful. He was anxious, while vindicating himself, to say nothing unkind of the others: but there was only one amongst them whose conduct he could mention without some necessity of defence or palliation. "We have all been more or less to blame," said he, "every one of us, excepting Fanny. Fanny is the only one who has judged rightly throughout; who has been consistent. Her feelings have been steadily against it from first to last. She never ceased to think of what was due to you. You will find Fanny everything you could wish."</DISS_para>
      <DISS_para>Sir Thomas saw all the impropriety of such a scheme among such a party, and at such a time, as strongly as his son had ever supposed he must; he felt it too much, indeed, for many words; and having shaken hands with Edmund, meant to try to lose the disagreeable impression, and forget how much he had been forgotten himself as soon as he could, after the house had been cleared of every object enforcing the remembrance, and restored to its proper state. He did not enter into any remonstrance with his other children: he was more willing to believe they felt their error than to run the risk of investigation. The reproof of an immediate conclusion of everything, the sweep of every preparation, would be sufficient.</DISS_para>
    </DISS_abstract>
    <DISS_binary type="PDF">Jones_ucsb_0035D_11993.pdf</DISS_binary>
  </DISS_content>
  <DISS_restriction/>
  <DISS_repository>
    <DISS_version/>
    <DISS_agreement_decision_date/>
    <DISS_acceptance/>
    <DISS_delayed_release/>
    <DISS_access_option/>
  </DISS_repository>
</DISS_submission>
