<?xml version="1.0" encoding="iso-8859-1"?>
<DISS_submission publishing_option="0" embargo_code="2" third_party_search="Y">
  <DISS_authorship>
    <DISS_author type="primary">
      <DISS_name>
        <DISS_surname>Weasel</DISS_surname>
        <DISS_fname>Ronnie</DISS_fname>
        <DISS_middle/>
        <DISS_suffix/>
        <DISS_affiliation>University of California, Santa Barbara</DISS_affiliation>
      </DISS_name>
      <DISS_contact type="current">
        <DISS_contact_effdt>12/13/2013</DISS_contact_effdt>
        <DISS_phone_fax type="P">
          <DISS_cntry_cd>0</DISS_cntry_cd>
          <DISS_area_code>666</DISS_area_code>
          <DISS_phone_num>4201999</DISS_phone_num>
          <DISS_phone_ext/>
        </DISS_phone_fax>
        <DISS_address>
          <DISS_addrline>1 Fake Road</DISS_addrline>
          <DISS_city>Unreal City</DISS_city>
          <DISS_st>State of Denial</DISS_st>
          <DISS_pcode>00000</DISS_pcode>
          <DISS_country>Earth</DISS_country>
        </DISS_address>
        <DISS_email>fake@hotmail.con</DISS_email>
      </DISS_contact>
      <DISS_contact type="future">
        <DISS_contact_effdt>09/12/2014</DISS_contact_effdt>
        <DISS_phone_fax type="P">
          <DISS_cntry_cd>0</DISS_cntry_cd>
          <DISS_area_code>666</DISS_area_code>
          <DISS_phone_num>4201999</DISS_phone_num>
          <DISS_phone_ext/>
        </DISS_phone_fax>
        <DISS_address>
          <DISS_addrline>1 Fake Road</DISS_addrline>
          <DISS_city>Unreal City</DISS_city>
          <DISS_st>State of Denial</DISS_st>
          <DISS_pcode>00000</DISS_pcode>
          <DISS_country>Earth</DISS_country>
        </DISS_address>
        <DISS_email>fake@hotmail.con</DISS_email>
      </DISS_contact>
      <DISS_citizenship>N/A</DISS_citizenship>
    </DISS_author>
  </DISS_authorship>
  <DISS_description page_count="0" type="doctoral" external_id="http://dissertations.umi.com/ucsb:11996" apply_for_copyright="no">
    <DISS_title>Programming for the Underdog</DISS_title>
    <DISS_dates>
      <DISS_comp_date>2013</DISS_comp_date>
      <DISS_accept_date>01/01/2013</DISS_accept_date>
    </DISS_dates>
    <DISS_degree>Ph.D.</DISS_degree>
    <DISS_institution>
      <DISS_inst_code>0035</DISS_inst_code>
      <DISS_inst_name>University of California, Santa Barbara</DISS_inst_name>
      <DISS_inst_contact>Computer Science</DISS_inst_contact>
      <DISS_processing_code>D</DISS_processing_code>
    </DISS_institution>
    <DISS_advisor>
      <DISS_name>
        <DISS_surname>Jugson</DISS_surname>
        <DISS_fname>Tad</DISS_fname>
        <DISS_middle>P</DISS_middle>
      </DISS_name>
    </DISS_advisor>
    <DISS_advisor>
      <DISS_name>
        <DISS_surname>Melon</DISS_surname>
        <DISS_fname>Chill</DISS_fname>
        <DISS_middle/>
      </DISS_name>
    </DISS_advisor>
    <DISS_cmte_member>
      <DISS_name>
        <DISS_surname>Man</DISS_surname>
        <DISS_fname>Who</DISS_fname>
        <DISS_middle/>
        <DISS_suffix/>
        <DISS_affiliation/>
      </DISS_name>
    </DISS_cmte_member>
    <DISS_categorization>
      <DISS_category>
        <DISS_cat_code>0984</DISS_cat_code>
        <DISS_cat_desc>Computer science</DISS_cat_desc>
      </DISS_category>
      <DISS_keyword>Education, programming, cats</DISS_keyword>
      <DISS_language>en</DISS_language>
    </DISS_categorization>
  </DISS_description>
  <DISS_content>
    <DISS_abstract>
      <DISS_para>Mr. Yates was beginning now to understand Sir Thomas's intentions, though as far as ever from understanding their source. He and his friend had been out with their guns the chief of the morning, and Tom had taken the opportunity of explaining, with proper apologies for his father's particularity, what was to be expected. Mr. Yates felt it as acutely as might be supposed. To be a second time disappointed in the same way was an instance of very severe ill-luck; and his indignation was such, that had it not been for delicacy towards his friend, and his friend's youngest sister, he believed he should certainly attack the baronet on the absurdity of his proceedings, and argue him into a little more rationality. He believed this very stoutly while he was in Mansfield Wood, and all the way home; but there was a something in Sir Thomas, when they sat round the same table, which made Mr. Yates think it wiser to let him pursue his own way, and feel the folly of it without opposition. He had known many disagreeable fathers before, and often been struck with the inconveniences they occasioned, but never, in the whole course of his life, had he seen one of that class so unintelligibly moral, so infamously tyrannical as Sir Thomas. He was not a man to be endured but for his children's sake, and he might be thankful to his fair daughter Julia that Mr. Yates did yet mean to stay a few days longer under his roof.</DISS_para>
    </DISS_abstract>
    <DISS_binary type="PDF">Weasel_ucsb_0035D_11996.pdf</DISS_binary>
  </DISS_content>
  <DISS_restriction/>
  <DISS_repository>
    <DISS_version/>
    <DISS_agreement_decision_date/>
    <DISS_acceptance/>
    <DISS_delayed_release/>
    <DISS_access_option/>
  </DISS_repository>
</DISS_submission>
