<?xml version="1.0" encoding="iso-8859-1"?>
<DISS_submission publishing_option="0" embargo_code="3" third_party_search="N">
  <DISS_authorship>
    <DISS_author type="primary">
      <DISS_name>
        <DISS_surname>Ravenclaw</DISS_surname>
        <DISS_fname>Helena</DISS_fname>
        <DISS_middle/>
        <DISS_suffix/>
        <DISS_affiliation>University of California, Santa Barbara</DISS_affiliation>
      </DISS_name>
      <DISS_contact type="current">
        <DISS_contact_effdt>12/19/2014</DISS_contact_effdt>
        <DISS_phone_fax type="P">
          <DISS_cntry_cd>0</DISS_cntry_cd>
          <DISS_area_code>666</DISS_area_code>
          <DISS_phone_num>4201999</DISS_phone_num>
          <DISS_phone_ext/>
        </DISS_phone_fax>
        <DISS_address>
          <DISS_addrline>1 Fake Road</DISS_addrline>
          <DISS_city>Unreal City</DISS_city>
          <DISS_st>State of Denial</DISS_st>
          <DISS_pcode>00000</DISS_pcode>
          <DISS_country>Earth</DISS_country>
        </DISS_address>
        <DISS_email>fake@hotmail.con</DISS_email>
      </DISS_contact>
      <DISS_contact type="future">
        <DISS_contact_effdt>12/19/2014</DISS_contact_effdt>
        <DISS_phone_fax type="P">
          <DISS_cntry_cd>0</DISS_cntry_cd>
          <DISS_area_code>666</DISS_area_code>
          <DISS_phone_num>4201999</DISS_phone_num>
          <DISS_phone_ext/>
        </DISS_phone_fax>
        <DISS_address>
          <DISS_addrline>1 Fake Road</DISS_addrline>
          <DISS_city>Unreal City</DISS_city>
          <DISS_st>State of Denial</DISS_st>
          <DISS_pcode>00000</DISS_pcode>
          <DISS_country>Earth</DISS_country>
        </DISS_address>
        <DISS_email>fake@hotmail.con</DISS_email>
      </DISS_contact>
      <DISS_citizenship>N/A</DISS_citizenship>
    </DISS_author>
  </DISS_authorship>
  <DISS_description page_count="999" type="doctoral" external_id="http://dissertations.umi.com/ucsb:12480" apply_for_copyright="no">
    <DISS_title>The Generational Symbolism of Artifacts</DISS_title>
    <DISS_dates>
      <DISS_comp_date>2014</DISS_comp_date>
      <DISS_accept_date>01/01/2014</DISS_accept_date>
    </DISS_dates>
    <DISS_degree>Ph.D.</DISS_degree>
    <DISS_institution>
      <DISS_inst_code>0035</DISS_inst_code>
      <DISS_inst_name>University of California, Santa Barbara</DISS_inst_name>
      <DISS_inst_contact>Sociology</DISS_inst_contact>
      <DISS_processing_code>D</DISS_processing_code>
    </DISS_institution>
    <DISS_advisor>
      <DISS_name>
        <DISS_surname>Boot</DISS_surname>
        <DISS_fname>Terry</DISS_fname>
        <DISS_middle/>
      </DISS_name>
    </DISS_advisor>
    <DISS_cmte_member>
      <DISS_name>
        <DISS_surname>Applezin</DISS_surname>
        <DISS_fname>Randall</DISS_fname>
        <DISS_middle/>
        <DISS_suffix/>
        <DISS_affiliation/>
      </DISS_name>
    </DISS_cmte_member>
    <DISS_cmte_member>
      <DISS_name>
        <DISS_surname>Weasley</DISS_surname>
        <DISS_fname>Victoire</DISS_fname>
        <DISS_middle/>
        <DISS_suffix/>
        <DISS_affiliation/>
      </DISS_name>
    </DISS_cmte_member>
    <DISS_categorization>
      <DISS_category>
        <DISS_cat_code>0626</DISS_cat_code>
        <DISS_cat_desc>Sociology</DISS_cat_desc>
      </DISS_category>
      <DISS_category>
        <DISS_cat_code>0404</DISS_cat_code>
        <DISS_cat_desc>Climate change</DISS_cat_desc>
      </DISS_category>
      <DISS_category>
        <DISS_cat_code>0585</DISS_cat_code>
        <DISS_cat_desc>History of science</DISS_cat_desc>
      </DISS_category>
      <DISS_keyword>Forestry, Diadems</DISS_keyword>
      <DISS_language>en</DISS_language>
    </DISS_categorization>
  </DISS_description>
  <DISS_content>
    <DISS_abstract>
      <DISS_para>It was, indeed, a triumphant day to Mr. Bertram and Maria. Such a victory over Edmund's discretion had been beyond their hopes, and was most delightful. There was no longer anything to disturb them in their darling project, and they congratulated each other in private on the jealous weakness to which they attributed the change, with all the glee of feelings gratified in every way. Edmund might still look grave, and say he did not like the scheme in general, and must disapprove the play in particular; their point was gained: he was to act, and he was driven to it by the force of selfish inclinations only. Edmund had descended from that moral elevation which he had maintained before, and they were both as much the better as the happier for the descent.</DISS_para>
      <DISS_para>They behaved very well, however, to him on the occasion, betraying no exultation beyond the lines about the corners of the mouth, and seemed to think it as great an escape to be quit of the intrusion of Charles Maddox, as if they had been forced into admitting him against their inclination. "To have it quite in their own family circle was what they had particularly wished. A stranger among them would have been the destruction of all their comfort"; and when Edmund, pursuing that idea, gave a hint of his hope as to the limitation of the audience, they were ready, in the complaisance of the moment, to promise anything. It was all good-humour and encouragement. Mrs. Norris offered to contrive his dress, Mr. Yates assured him that Anhalt's last scene with the Baron admitted a good deal of action and emphasis, and Mr. Rushworth undertook to count his speeches.</DISS_para>
    </DISS_abstract>
    <DISS_binary type="PDF">Ravenclaw_ucsb_0035D_12480.pdf</DISS_binary>
  </DISS_content>
  <DISS_restriction/>
  <DISS_repository>
    <DISS_version>2014-06-04 13:56:24</DISS_version>
    <DISS_agreement_decision_date>2014-12-19 18:27:30</DISS_agreement_decision_date>
    <DISS_acceptance>1</DISS_acceptance>
    <DISS_delayed_release>2 years</DISS_delayed_release>
    <DISS_access_option>Campus use only</DISS_access_option>
  </DISS_repository>
</DISS_submission>
