<?xml version="1.0" encoding="ISO-8859-1"?>
<DISS_submission publishing_option="0" embargo_code="4" third_party_search="N">
  <DISS_authorship>
    <DISS_author type="primary">
      <DISS_name>
        <DISS_surname>ETD</DISS_surname>
        <DISS_fname>New</DISS_fname>
        <DISS_middle/>
        <DISS_suffix/>
        <DISS_affiliation>University of California, Santa Barbara</DISS_affiliation>
      </DISS_name>
      <DISS_citizenship>US</DISS_citizenship>
    </DISS_author>
  </DISS_authorship>
  <DISS_description page_count="666" type="doctoral" external_id="http://dissertations.umi.com/ucsb:2345" apply_for_copyright="no">
    <DISS_title>I don't ingest right: what is my deal</DISS_title>
    <DISS_dates>
      <DISS_comp_date>2016</DISS_comp_date>
      <DISS_accept_date>01/01/2016</DISS_accept_date>
    </DISS_dates>
    <DISS_degree>Ph.D.</DISS_degree>
    <DISS_institution>
      <DISS_inst_code>0035</DISS_inst_code>
      <DISS_inst_name>University of California, Santa Barbara</DISS_inst_name>
      <DISS_inst_contact>Religious Studies</DISS_inst_contact>
      <DISS_processing_code>D</DISS_processing_code>
    </DISS_institution>
    <DISS_advisor>
      <DISS_name>
        <DISS_surname>Frick</DISS_surname>
        <DISS_fname>Ugh</DISS_fname>
        <DISS_middle>I.</DISS_middle>
      </DISS_name>
    </DISS_advisor>
    <DISS_categorization>
      <DISS_category>
        <DISS_cat_code>0318</DISS_cat_code>
        <DISS_cat_desc>Religion</DISS_cat_desc>
      </DISS_category>
      <DISS_category>
        <DISS_cat_code>0604</DISS_cat_code>
        <DISS_cat_desc>Regional studies</DISS_cat_desc>
      </DISS_category>
      <DISS_keyword>Frick, Dang, It</DISS_keyword>
      <DISS_language>en</DISS_language>
    </DISS_categorization>
  </DISS_description>
  <DISS_content>
    <DISS_abstract>
      <DISS_para>Bork.</DISS_para>
    </DISS_abstract>
    <DISS_binary type="PDF">ETD_ucsb_0035D_13132.pdf</DISS_binary>
  </DISS_content>
  <DISS_restriction>
    <DISS_sales_restriction code="1" remove="12/10/2023"/>
  </DISS_restriction>
  <DISS_repository>
    <DISS_version>2015-02-27 20:47:45</DISS_version>
    <DISS_agreement_decision_date>2016-11-21 16:52:16</DISS_agreement_decision_date>
    <DISS_acceptance>1</DISS_acceptance>
    <DISS_delayed_release>2023-12-10 00:00:00</DISS_delayed_release>
    <DISS_access_option>Campus use only</DISS_access_option>
  </DISS_repository>
</DISS_submission>
