<?xml version="1.0" encoding="iso-8859-1"?>
<DISS_submission publishing_option="0" embargo_code="0" third_party_search="Y">
  <DISS_authorship>
    <DISS_author type="primary">
      <DISS_name>
        <DISS_surname>Plume</DISS_surname>
        <DISS_fname>Fishy</DISS_fname>
        <DISS_middle/>
        <DISS_suffix/>
        <DISS_affiliation>University of California, Santa Barbara</DISS_affiliation>
      </DISS_name>
      <DISS_contact type="current">
        <DISS_contact_effdt>09/13/2013</DISS_contact_effdt>
        <DISS_phone_fax type="P">
          <DISS_cntry_cd>0</DISS_cntry_cd>
          <DISS_area_code>666</DISS_area_code>
          <DISS_phone_num>4201999</DISS_phone_num>
          <DISS_phone_ext/>
        </DISS_phone_fax>
        <DISS_address>
          <DISS_addrline>1 Fake Road</DISS_addrline>
          <DISS_city>Unreal City</DISS_city>
          <DISS_st>State of Denial</DISS_st>
          <DISS_pcode>00000</DISS_pcode>
          <DISS_country>Earth</DISS_country>
        </DISS_address>
        <DISS_email>fake@hotmail.con</DISS_email>
      </DISS_contact>
      <DISS_contact type="future">
        <DISS_contact_effdt>09/13/2013</DISS_contact_effdt>
        <DISS_phone_fax type="P">
          <DISS_cntry_cd>0</DISS_cntry_cd>
          <DISS_area_code>666</DISS_area_code>
          <DISS_phone_num>4201999</DISS_phone_num>
          <DISS_phone_ext/>
        </DISS_phone_fax>
        <DISS_address>
          <DISS_addrline>1 Fake Road</DISS_addrline>
          <DISS_city>Unreal City</DISS_city>
          <DISS_st>State of Denial</DISS_st>
          <DISS_pcode>00000</DISS_pcode>
          <DISS_country>Earth</DISS_country>
        </DISS_address>
        <DISS_email>fake@hotmail.con</DISS_email>
      </DISS_contact>
      <DISS_citizenship>N/A</DISS_citizenship>
    </DISS_author>
  </DISS_authorship>
  <DISS_description page_count="101" type="doctoral" external_id="http://dissertations.umi.com/ucsb:11862" apply_for_copyright="no">
    <DISS_title>Owl Wingspan and Tootsie Pop Lifespan</DISS_title>
    <DISS_dates>
      <DISS_comp_date>2013</DISS_comp_date>
      <DISS_accept_date>01/01/2013</DISS_accept_date>
    </DISS_dates>
    <DISS_degree>Ph.D.</DISS_degree>
    <DISS_institution>
      <DISS_inst_code>0035</DISS_inst_code>
      <DISS_inst_name>University of California, Santa Barbara</DISS_inst_name>
      <DISS_inst_contact>Mathematics</DISS_inst_contact>
      <DISS_processing_code>D</DISS_processing_code>
    </DISS_institution>
    <DISS_advisor>
      <DISS_name>
        <DISS_surname>Adz</DISS_surname>
        <DISS_fname>Cool</DISS_fname>
        <DISS_middle>J</DISS_middle>
      </DISS_name>
    </DISS_advisor>
    <DISS_cmte_member>
      <DISS_name>
        <DISS_surname>Kitty</DISS_surname>
        <DISS_fname>Hello</DISS_fname>
        <DISS_middle/>
        <DISS_suffix/>
        <DISS_affiliation/>
      </DISS_name>
    </DISS_cmte_member>
    <DISS_cmte_member>
      <DISS_name>
        <DISS_surname>Master</DISS_surname>
        <DISS_fname>Fitz</DISS_fname>
        <DISS_middle/>
        <DISS_suffix/>
        <DISS_affiliation/>
      </DISS_name>
    </DISS_cmte_member>
    <DISS_categorization>
      <DISS_category>
        <DISS_cat_code>0364</DISS_cat_code>
        <DISS_cat_desc>Applied mathematics</DISS_cat_desc>
      </DISS_category>
      <DISS_category>
        <DISS_cat_code>0786</DISS_cat_code>
        <DISS_cat_desc>Biophysics</DISS_cat_desc>
      </DISS_category>
      <DISS_keyword/>
      <DISS_language>en</DISS_language>
    </DISS_categorization>
  </DISS_description>
  <DISS_content>
    <DISS_abstract>
      <DISS_para>Sir Thomas was indeed the life of the party, who at his suggestion now seated themselves round the fire. He had the best right to be the talker; and the delight of his sensations in being again in his own house, in the centre of his family, after such a separation, made him communicative and chatty in a very unusual degree; and he was ready to give every information as to his voyage, and answer every question of his two sons almost before it was put. His business in Antigua had latterly been prosperously rapid, and he came directly from Liverpool, having had an opportunity of making his passage thither in a private vessel, instead of waiting for the packet; and all the little particulars of his proceedings and events, his arrivals and departures, were most promptly delivered, as he sat by Lady Bertram and looked with heartfelt satisfaction on the faces around him -- interrupting himself more than once, however, to remark on his good fortune in finding them all at home -- coming unexpectedly as he did -- all collected together exactly as he could have wished, but dared not depend on. Mr. Rushworth was not forgotten: a most friendly reception and warmth of hand-shaking had already met him, and with pointed attention he was now included in the objects most intimately connected with Mansfield. There was nothing disagreeable in Mr. Rushworth's appearance, and Sir Thomas was liking him already.</DISS_para>
      <DISS_para>By not one of the circle was he listened to with such unbroken, unalloyed enjoyment as by his wife, who was really extremely happy to see him, and whose feelings were so warmed by his sudden arrival as to place her nearer agitation than she had been for the last twenty years. She had been almost fluttered for a few minutes, and still remained so sensibly animated as to put away her work, move Pug from her side, and give all her attention and all the rest of her sofa to her husband. She had no anxieties for anybody to cloud her pleasure: her own time had been irreproachably spent during his absence: she had done a great deal of carpet-work, and made many yards of fringe; and she would have answered as freely for the good conduct and useful pursuits of all the young people as for her own. It was so agreeable to her to see him again, and hear him talk, to have her ear amused and her whole comprehension filled by his narratives, that she began particularly to feel how dreadfully she must have missed him, and how impossible it would have been for her to bear a lengthened absence.</DISS_para>
    </DISS_abstract>
    <DISS_binary type="PDF">Plume_ucsb_0035D_11862.pdf</DISS_binary>
    <DISS_attachment>
      <DISS_file_name>donkfusion.avi</DISS_file_name>
      <DISS_file_category>video</DISS_file_category>
      <DISS_file_descr>Fusing a donk.</DISS_file_descr>
    </DISS_attachment>
    <DISS_attachment>
      <DISS_file_name>dronk.avi</DISS_file_name>
      <DISS_file_category>video</DISS_file_category>
      <DISS_file_descr>who knows?</DISS_file_descr>
    </DISS_attachment>
    <DISS_attachment>
      <DISS_file_name>mesh_doink.avi</DISS_file_name>
      <DISS_file_category>video</DISS_file_category>
      <DISS_file_descr>hahha.</DISS_file_descr>
    </DISS_attachment>
  </DISS_content>
  <DISS_restriction/>
  <DISS_repository>
    <DISS_version/>
    <DISS_agreement_decision_date/>
    <DISS_acceptance/>
    <DISS_delayed_release/>
    <DISS_access_option/>
  </DISS_repository>
</DISS_submission>
