<?xml version="1.0" encoding="iso-8859-1"?>
<DISS_submission publishing_option="0" embargo_code="2" third_party_search="Y">
  <DISS_authorship>
    <DISS_author type="primary">
      <DISS_name>
        <DISS_surname>Lynch</DISS_surname>
        <DISS_fname>Aidan</DISS_fname>
        <DISS_middle/>
        <DISS_suffix/>
        <DISS_affiliation>University of California, Santa Barbara</DISS_affiliation>
      </DISS_name>
      <DISS_contact type="current">
        <DISS_contact_effdt>08/27/2013</DISS_contact_effdt>
        <DISS_phone_fax type="P">
          <DISS_cntry_cd>0</DISS_cntry_cd>
          <DISS_area_code>666</DISS_area_code>
          <DISS_phone_num>4201999</DISS_phone_num>
          <DISS_phone_ext/>
        </DISS_phone_fax>
        <DISS_address>
          <DISS_addrline>1 Fake Road</DISS_addrline>
          <DISS_city>Unreal City</DISS_city>
          <DISS_st>State of Denial</DISS_st>
          <DISS_pcode>00000</DISS_pcode>
          <DISS_country>Earth</DISS_country>
        </DISS_address>
        <DISS_email>fake@hotmail.con</DISS_email>
      </DISS_contact>
      <DISS_contact type="future">
        <DISS_contact_effdt>08/27/2013</DISS_contact_effdt>
        <DISS_phone_fax type="P">
          <DISS_cntry_cd>0</DISS_cntry_cd>
          <DISS_area_code>666</DISS_area_code>
          <DISS_phone_num>4201999</DISS_phone_num>
          <DISS_phone_ext/>
        </DISS_phone_fax>
        <DISS_address>
          <DISS_addrline>1 Fake Road</DISS_addrline>
          <DISS_city>Unreal City</DISS_city>
          <DISS_st>State of Denial</DISS_st>
          <DISS_pcode>00000</DISS_pcode>
          <DISS_country>Earth</DISS_country>
        </DISS_address>
        <DISS_email>fake@hotmail.con</DISS_email>
      </DISS_contact>
      <DISS_citizenship>N/A</DISS_citizenship>
    </DISS_author>
  </DISS_authorship>
  <DISS_description page_count="157" type="doctoral" external_id="http://dissertations.umi.com/ucsb:11788" apply_for_copyright="no">
    <DISS_title>A Stabilizer for Bent Twigs</DISS_title>
    <DISS_dates>
      <DISS_comp_date>2013</DISS_comp_date>
      <DISS_accept_date>01/01/2013</DISS_accept_date>
    </DISS_dates>
    <DISS_degree>Ph.D.</DISS_degree>
    <DISS_institution>
      <DISS_inst_code>0035</DISS_inst_code>
      <DISS_inst_name>University of California, Santa Barbara</DISS_inst_name>
      <DISS_inst_contact>Electrical &amp; Computer Engineering</DISS_inst_contact>
      <DISS_processing_code>D</DISS_processing_code>
    </DISS_institution>
    <DISS_advisor>
      <DISS_name>
        <DISS_surname>Tree</DISS_surname>
        <DISS_fname>John</DISS_fname>
        <DISS_middle/>
      </DISS_name>
    </DISS_advisor>
    <DISS_cmte_member>
      <DISS_name>
        <DISS_surname>Quiz</DISS_surname>
        <DISS_fname>Fun</DISS_fname>
        <DISS_middle/>
        <DISS_suffix/>
        <DISS_affiliation/>
      </DISS_name>
    </DISS_cmte_member>
    <DISS_cmte_member>
      <DISS_name>
        <DISS_surname>Hurl</DISS_surname>
        <DISS_fname>Biz</DISS_fname>
        <DISS_middle/>
        <DISS_suffix/>
        <DISS_affiliation/>
      </DISS_name>
    </DISS_cmte_member>
    <DISS_cmte_member>
      <DISS_name>
        <DISS_surname>Short</DISS_surname>
        <DISS_fname>Big</DISS_fname>
        <DISS_middle/>
        <DISS_suffix/>
        <DISS_affiliation/>
      </DISS_name>
    </DISS_cmte_member>
    <DISS_cmte_member>
      <DISS_name>
        <DISS_surname>Man</DISS_surname>
        <DISS_fname>Real</DISS_fname>
        <DISS_middle/>
        <DISS_suffix/>
        <DISS_affiliation/>
      </DISS_name>
    </DISS_cmte_member>
    <DISS_categorization>
      <DISS_category>
        <DISS_cat_code>0544</DISS_cat_code>
        <DISS_cat_desc>Electrical engineering</DISS_cat_desc>
      </DISS_category>
      <DISS_keyword>Broom, Twigs, Wood</DISS_keyword>
      <DISS_language>en</DISS_language>
    </DISS_categorization>
  </DISS_description>
  <DISS_content>
    <DISS_abstract>
      <DISS_para>How is the consternation of the party to be described? To the greater number it was a moment of absolute horror. Sir Thomas in the house! All felt the instantaneous conviction. Not a hope of imposition or mistake was harboured anywhere. Julia's looks were an evidence of the fact that made it indisputable; and after the first starts and exclamations, not a word was spoken for half a minute: each with an altered countenance was looking at some other, and almost each was feeling it a stroke the most unwelcome, most ill-timed, most appalling! Mr. Yates might consider it only as a vexatious interruption for the evening, and Mr. Rushworth might imagine it a blessing; but every other heart was sinking under some degree of self-condemnation or undefined alarm, every other heart was suggesting, "What will become of us? what is to be done now?" It was a terrible pause; and terrible to every ear were the corroborating sounds of opening doors and passing footsteps.</DISS_para>
    </DISS_abstract>
    <DISS_binary type="PDF">Lynch_ucsb_0035D_11788.pdf</DISS_binary>
    <DISS_attachment>
      <DISS_file_name>27GP11&amp;28GP15withgoodchannel.mp4</DISS_file_name>
      <DISS_file_category>video</DISS_file_category>
      <DISS_file_descr/>
    </DISS_attachment>
  </DISS_content>
  <DISS_restriction/>
  <DISS_repository>
    <DISS_version/>
    <DISS_agreement_decision_date/>
    <DISS_acceptance/>
    <DISS_delayed_release/>
    <DISS_access_option/>
  </DISS_repository>
</DISS_submission>
