<?xml version="1.0" encoding="iso-8859-1"?>
<DISS_submission publishing_option="0" embargo_code="3" third_party_search="N">
  <DISS_authorship>
    <DISS_author type="primary">
      <DISS_name>
        <DISS_surname>Johnson</DISS_surname>
        <DISS_fname>Angelina</DISS_fname>
        <DISS_middle/>
        <DISS_suffix/>
        <DISS_affiliation>University of California, Santa Barbara</DISS_affiliation>
      </DISS_name>
      <DISS_contact type="current">
        <DISS_contact_effdt>06/06/2014</DISS_contact_effdt>
        <DISS_address>
          <DISS_addrline>1 Fake Road</DISS_addrline>
          <DISS_city>Unreal City</DISS_city>
          <DISS_st>State of Denial</DISS_st>
          <DISS_pcode>00000</DISS_pcode>
          <DISS_country>Earth</DISS_country>
        </DISS_address>
        <DISS_email>fake@hotmail.con</DISS_email>
      </DISS_contact>
      <DISS_contact type="future">
        <DISS_contact_effdt>09/12/2014</DISS_contact_effdt>
        <DISS_address>
          <DISS_addrline>1 Fake Road</DISS_addrline>
          <DISS_city>Unreal City</DISS_city>
          <DISS_st>State of Denial</DISS_st>
          <DISS_pcode>00000</DISS_pcode>
          <DISS_country>Earth</DISS_country>
        </DISS_address>
        <DISS_email>fake@hotmail.con</DISS_email>
      </DISS_contact>
      <DISS_citizenship>N/A</DISS_citizenship>
    </DISS_author>
  </DISS_authorship>
  <DISS_description page_count="420" type="masters" external_id="http://dissertations.umi.com/ucsb:12164" apply_for_copyright="no">
    <DISS_title>Fear of Heights</DISS_title>
    <DISS_dates>
      <DISS_comp_date>2014</DISS_comp_date>
      <DISS_accept_date>01/01/2014</DISS_accept_date>
    </DISS_dates>
    <DISS_degree>M.A.</DISS_degree>
    <DISS_institution>
      <DISS_inst_code>0035</DISS_inst_code>
      <DISS_inst_name>University of California, Santa Barbara</DISS_inst_name>
      <DISS_inst_contact>Psychology</DISS_inst_contact>
      <DISS_processing_code>N</DISS_processing_code>
    </DISS_institution>
    <DISS_advisor>
      <DISS_name>
        <DISS_surname>Meowmers</DISS_surname>
        <DISS_fname>Catface</DISS_fname>
        <DISS_middle/>
      </DISS_name>
    </DISS_advisor>
    <DISS_cmte_member>
      <DISS_name>
        <DISS_surname>Grafton</DISS_surname>
        <DISS_fname>Sue</DISS_fname>
        <DISS_middle/>
        <DISS_suffix/>
        <DISS_affiliation/>
      </DISS_name>
    </DISS_cmte_member>
    <DISS_cmte_member>
      <DISS_name>
        <DISS_surname>Meowmers</DISS_surname>
        <DISS_fname>Catface</DISS_fname>
        <DISS_middle/>
        <DISS_suffix/>
        <DISS_affiliation/>
      </DISS_name>
    </DISS_cmte_member>
    <DISS_cmte_member>
      <DISS_name>
        <DISS_surname>Scamander</DISS_surname>
        <DISS_fname>Newt</DISS_fname>
        <DISS_middle/>
        <DISS_suffix/>
        <DISS_affiliation/>
      </DISS_name>
    </DISS_cmte_member>
    <DISS_categorization>
      <DISS_category>
        <DISS_cat_code>0621</DISS_cat_code>
        <DISS_cat_desc>Psychology</DISS_cat_desc>
      </DISS_category>
      <DISS_keyword/>
      <DISS_language>en</DISS_language>
    </DISS_categorization>
  </DISS_description>
  <DISS_content>
    <DISS_abstract>
      <DISS_para>Mr. Bertram set off for ____, and Miss Crawford was prepared to find a great chasm in their society, and to miss him decidedly in the meetings which were now becoming almost daily between the families; and on their all dining together at the Park soon after his going, she retook her chosen place near the bottom of the table, fully expecting to feel a most melancholy difference in the change of masters. It would be a very flat business, she was sure. In comparison with his brother, Edmund would have nothing to say. The soup would be sent round in a most spiritless manner, wine drank without any smiles or agreeable trifling, and the venison cut up without supplying one pleasant anecdote of any former haunch, or a single entertaining story, about "my friend such a one." She must try to find amusement in what was passing at the upper end of the table, and in observing Mr. Rushworth, who was now making his appearance at Mansfield for the first time since the Crawfords' arrival. He had been visiting a friend in the neighbouring county, and that friend having recently had his grounds laid out by an improver, Mr. Rushworth was returned with his head full of the subject, and very eager to be improving his own place in the same way; and though not saying much to the purpose, could talk of nothing else. The subject had been already handled in the drawing-room; it was revived in the dining-parlour. Miss Bertram's attention and opinion was evidently his chief aim; and though her deportment showed rather conscious superiority than any solicitude to oblige him, the mention of Sotherton Court, and the ideas attached to it, gave her a feeling of complacency, which prevented her from being very ungracious.</DISS_para>
    </DISS_abstract>
    <DISS_binary type="PDF">Johnson_ucsb_0035N_12164.pdf</DISS_binary>
  </DISS_content>
  <DISS_restriction/>
  <DISS_repository>
    <DISS_version>2014-06-04 17:56:24</DISS_version>
    <DISS_agreement_decision_date>2014-06-11 23:12:18</DISS_agreement_decision_date>
    <DISS_acceptance>1</DISS_acceptance>
    <DISS_delayed_release>2 years</DISS_delayed_release>
    <DISS_access_option>Campus use only</DISS_access_option>
  </DISS_repository>
</DISS_submission>
