<?xml version="1.0" encoding="iso-8859-1"?>
<DISS_submission publishing_option="1" embargo_code="1" third_party_search="N">
  <DISS_authorship>
    <DISS_author type="primary">
      <DISS_name>
        <DISS_surname>Power</DISS_surname>
        <DISS_fname>Samantha</DISS_fname>
        <DISS_middle/>
        <DISS_suffix/>
        <DISS_affiliation>University of California, Santa Barbara</DISS_affiliation>
      </DISS_name>
      <DISS_contact type="current">
        <DISS_contact_effdt>12/28/2013</DISS_contact_effdt>
        <DISS_address>
          <DISS_addrline>1 Fake Road</DISS_addrline>
          <DISS_city>Unreal City</DISS_city>
          <DISS_st>State of Denial</DISS_st>
          <DISS_pcode>00000</DISS_pcode>
          <DISS_country>Earth</DISS_country>
        </DISS_address>
        <DISS_email>fake@hotmail.con</DISS_email>
      </DISS_contact>
      <DISS_contact type="future">
        <DISS_contact_effdt>12/28/2013</DISS_contact_effdt>
        <DISS_address>
          <DISS_addrline>1 Fake Road</DISS_addrline>
          <DISS_city>Unreal City</DISS_city>
          <DISS_st>State of Denial</DISS_st>
          <DISS_pcode>00000</DISS_pcode>
          <DISS_country>Earth</DISS_country>
        </DISS_address>
        <DISS_email>fake@hotmail.con</DISS_email>
      </DISS_contact>
      <DISS_citizenship>N/A</DISS_citizenship>
    </DISS_author>
  </DISS_authorship>
  <DISS_description page_count="420" type="doctoral" external_id="http://dissertations.umi.com/ucsb:12013" apply_for_copyright="yes">
    <DISS_title>Representations of Kissinger in Art</DISS_title>
    <DISS_dates>
      <DISS_comp_date>2014</DISS_comp_date>
      <DISS_accept_date>01/01/2013</DISS_accept_date>
    </DISS_dates>
    <DISS_degree>Ph.D.</DISS_degree>
    <DISS_institution>
      <DISS_inst_code>0035</DISS_inst_code>
      <DISS_inst_name>University of California, Santa Barbara</DISS_inst_name>
      <DISS_inst_contact>Art History</DISS_inst_contact>
      <DISS_processing_code>D</DISS_processing_code>
    </DISS_institution>
    <DISS_advisor>
      <DISS_name>
        <DISS_surname>MacMillan</DISS_surname>
        <DISS_fname>Ernie</DISS_fname>
        <DISS_middle/>
      </DISS_name>
    </DISS_advisor>
    <DISS_cmte_member>
      <DISS_name>
        <DISS_surname>Ogelbie</DISS_surname>
        <DISS_fname>Hyve</DISS_fname>
        <DISS_middle/>
        <DISS_suffix/>
        <DISS_affiliation/>
      </DISS_name>
    </DISS_cmte_member>
    <DISS_cmte_member>
      <DISS_name>
        <DISS_surname>Pop</DISS_surname>
        <DISS_fname>Ren</DISS_fname>
        <DISS_middle/>
        <DISS_suffix/>
        <DISS_affiliation/>
      </DISS_name>
    </DISS_cmte_member>
    <DISS_categorization>
      <DISS_category>
        <DISS_cat_code>0377</DISS_cat_code>
        <DISS_cat_desc>Art history</DISS_cat_desc>
      </DISS_category>
      <DISS_keyword>Architecture, painting, Islam, death</DISS_keyword>
      <DISS_language>en</DISS_language>
    </DISS_categorization>
  </DISS_description>
  <DISS_content>
    <DISS_abstract>
      <DISS_para>Sir Thomas was satisfied; too glad to be satisfied, perhaps, to urge the matter quite so far as his judgment might have dictated to others. It was an alliance which he could not have relinquished without pain; and thus he reasoned. Mr. Rushworth was young enough to improve. Mr. Rushworth must and would improve in good society; and if Maria could now speak so securely of her happiness with him, speaking certainly without the prejudice, the blindness of love, she ought to be believed. Her feelings, probably, were not acute; he had never supposed them to be so; but her comforts might not be less on that account; and if she could dispense with seeing her husband a leading, shining character, there would certainly be everything else in her favour. A well-disposed young woman, who did not marry for love, was in general but the more attached to her own family; and the nearness of Sotherton to Mansfield must naturally hold out the greatest temptation, and would, in all probability, be a continual supply of the most amiable and innocent enjoyments. Such and such-like were the reasonings of Sir Thomas, happy to escape the embarrassing evils of a rupture, the wonder, the reflections, the reproach that must attend it; happy to secure a marriage which would bring him such an addition of respectability and influence, and very happy to think anything of his daughter's disposition that was most favourable for the purpose.</DISS_para>
    </DISS_abstract>
    <DISS_binary type="PDF">Power_ucsb_0035D_12013.pdf</DISS_binary>
  </DISS_content>
  <DISS_restriction/>
  <DISS_repository>
    <DISS_version/>
    <DISS_agreement_decision_date/>
    <DISS_acceptance/>
    <DISS_delayed_release/>
    <DISS_access_option/>
  </DISS_repository>
</DISS_submission>
