<?xml version="1.0" encoding="iso-8859-1"?>
<DISS_submission publishing_option="0" embargo_code="0" third_party_search="Y">
  <DISS_authorship>
    <DISS_author type="primary">
      <DISS_name>
        <DISS_surname>Mugwort</DISS_surname>
        <DISS_fname>Old</DISS_fname>
        <DISS_middle>Mr</DISS_middle>
        <DISS_suffix/>
        <DISS_affiliation>University of California, Santa Barbara</DISS_affiliation>
      </DISS_name>
      <DISS_contact type="current">
        <DISS_contact_effdt>06/06/2014</DISS_contact_effdt>
        <DISS_phone_fax type="P">
          <DISS_cntry_cd>0</DISS_cntry_cd>
          <DISS_area_code>666</DISS_area_code>
          <DISS_phone_num>4201999</DISS_phone_num>
          <DISS_phone_ext/>
        </DISS_phone_fax>
        <DISS_address>
          <DISS_addrline>1 Fake Road</DISS_addrline>
          <DISS_city>Unreal City</DISS_city>
          <DISS_st>State of Denial</DISS_st>
          <DISS_pcode>00000</DISS_pcode>
          <DISS_country>Earth</DISS_country>
        </DISS_address>
        <DISS_email>fake@hotmail.con</DISS_email>
      </DISS_contact>
      <DISS_contact type="future">
        <DISS_contact_effdt>09/12/2014</DISS_contact_effdt>
        <DISS_phone_fax type="P">
          <DISS_cntry_cd>0</DISS_cntry_cd>
          <DISS_area_code>666</DISS_area_code>
          <DISS_phone_num>4201999</DISS_phone_num>
          <DISS_phone_ext/>
        </DISS_phone_fax>
        <DISS_address>
          <DISS_addrline>1 Fake Road</DISS_addrline>
          <DISS_city>Unreal City</DISS_city>
          <DISS_st>State of Denial</DISS_st>
          <DISS_pcode>00000</DISS_pcode>
          <DISS_country>Earth</DISS_country>
        </DISS_address>
        <DISS_email>fake@hotmail.con</DISS_email>
      </DISS_contact>
      <DISS_citizenship>N/A</DISS_citizenship>
    </DISS_author>
  </DISS_authorship>
  <DISS_description page_count="228" type="doctoral" external_id="http://dissertations.umi.com/ucsb:12159" apply_for_copyright="no">
    <DISS_title>How to Disappear Completely</DISS_title>
    <DISS_dates>
      <DISS_comp_date>2014</DISS_comp_date>
      <DISS_accept_date>01/01/2014</DISS_accept_date>
    </DISS_dates>
    <DISS_degree>Ph.D.</DISS_degree>
    <DISS_institution>
      <DISS_inst_code>0035</DISS_inst_code>
      <DISS_inst_name>University of California, Santa Barbara</DISS_inst_name>
      <DISS_inst_contact>Geological Sciences</DISS_inst_contact>
      <DISS_processing_code>D</DISS_processing_code>
    </DISS_institution>
    <DISS_advisor>
      <DISS_name>
        <DISS_surname>Gaffer</DISS_surname>
        <DISS_fname>The</DISS_fname>
        <DISS_middle/>
      </DISS_name>
    </DISS_advisor>
    <DISS_cmte_member>
      <DISS_name>
        <DISS_surname>Brockhouse</DISS_surname>
        <DISS_fname>Ty</DISS_fname>
        <DISS_middle/>
        <DISS_suffix/>
        <DISS_affiliation/>
      </DISS_name>
    </DISS_cmte_member>
    <DISS_cmte_member>
      <DISS_name>
        <DISS_surname>Tunnelly</DISS_surname>
        <DISS_fname>Ted</DISS_fname>
        <DISS_middle/>
        <DISS_suffix/>
        <DISS_affiliation/>
      </DISS_name>
    </DISS_cmte_member>
    <DISS_categorization>
      <DISS_category>
        <DISS_cat_code>0372</DISS_cat_code>
        <DISS_cat_desc>Geology</DISS_cat_desc>
      </DISS_category>
      <DISS_keyword>Magic, rings, mystery, radiohead</DISS_keyword>
      <DISS_language>en</DISS_language>
    </DISS_categorization>
  </DISS_description>
  <DISS_content>
    <DISS_abstract>
      <DISS_para>Such was the state of affairs in the month of July; and Fanny had just reached her eighteenth year, when the society of the village received an addition in the brother and sister of Mrs. Grant, a Mr. and Miss Crawford, the children of her mother by a second marriage. They were young people of fortune. The son had a good estate in Norfolk, the daughter twenty thousand pounds. As children, their sister had been always very fond of them; but, as her own marriage had been soon followed by the death of their common parent, which left them to the care of a brother of their father, of whom Mrs. Grant knew nothing, she had scarcely seen them since. In their uncle's house they had found a kind home. Admiral and Mrs. Crawford, though agreeing in nothing else, were united in affection for these children, or, at least, were no farther adverse in their feelings than that each had their favourite, to whom they showed the greatest fondness of the two. The Admiral delighted in the boy, Mrs. Crawford doted on the girl; and it was the lady's death which now obliged her protegee, after some months' further trial at her uncle's house, to find another home. Admiral Crawford was a man of vicious conduct, who chose, instead of retaining his niece, to bring his mistress under his own roof; and to this Mrs. Grant was indebted for her sister's proposal of coming to her, a measure quite as welcome on one side as it could be expedient on the other; for Mrs. Grant, having by this time run through the usual resources of ladies residing in the country without a family of children -- having more than filled her favourite sitting-room with pretty furniture, and made a choice collection of plants and poultry -- was very much in want of some variety at home. The arrival, therefore, of a sister whom she had always loved, and now hoped to retain with her as long as she remained single, was highly agreeable; and her chief anxiety was lest Mansfield should not satisfy the habits of a young woman who had been mostly used to London.</DISS_para>
    </DISS_abstract>
    <DISS_binary type="PDF">Mugwort_ucsb_0035D_12159.pdf</DISS_binary>
    <DISS_attachment>
      <DISS_file_name>SupplementalFile1.pdf</DISS_file_name>
      <DISS_file_category>pdf</DISS_file_category>
      <DISS_file_descr>Map of Farmer Maggot's land</DISS_file_descr>
    </DISS_attachment>
    <DISS_attachment>
      <DISS_file_name>SupplementalFile2.pdf</DISS_file_name>
      <DISS_file_category>pdf</DISS_file_category>
      <DISS_file_descr>Compilation of old Hobbit poetry</DISS_file_descr>
    </DISS_attachment>
    <DISS_attachment>
      <DISS_file_name>SupplementalFile3.pdf</DISS_file_name>
      <DISS_file_category>pdf</DISS_file_category>
      <DISS_file_descr>Aerial imagery of Bywater</DISS_file_descr>
    </DISS_attachment>
  </DISS_content>
  <DISS_restriction/>
  <DISS_repository>
    <DISS_version>2014-06-04 17:56:24</DISS_version>
    <DISS_agreement_decision_date>2014-06-06 06:00:26</DISS_agreement_decision_date>
    <DISS_acceptance>1</DISS_acceptance>
    <DISS_delayed_release/>
    <DISS_access_option>Open access</DISS_access_option>
  </DISS_repository>
</DISS_submission>
