<?xml version="1.0" encoding="iso-8859-1"?>
<DISS_submission publishing_option="0" embargo_code="0" third_party_search="N">
  <DISS_authorship>
    <DISS_author type="primary">
      <DISS_name>
        <DISS_surname>Belacqua</DISS_surname>
        <DISS_fname>Lyra</DISS_fname>
        <DISS_middle/>
        <DISS_suffix/>
        <DISS_affiliation>University of California, Santa Barbara</DISS_affiliation>
      </DISS_name>
      <DISS_contact type="current">
        <DISS_contact_effdt>03/20/2015</DISS_contact_effdt>
        <DISS_phone_fax type="P">
          <DISS_cntry_cd>0</DISS_cntry_cd>
          <DISS_area_code>666</DISS_area_code>
          <DISS_phone_num>4201999</DISS_phone_num>
          <DISS_phone_ext/>
        </DISS_phone_fax>
        <DISS_address>
          <DISS_addrline>1 Fake Road</DISS_addrline>
          <DISS_city>Unreal City</DISS_city>
          <DISS_st>State of Denial</DISS_st>
          <DISS_pcode>00000</DISS_pcode>
          <DISS_country>Earth</DISS_country>
        </DISS_address>
        <DISS_email>fake@hotmail.con</DISS_email>
      </DISS_contact>
      <DISS_contact type="future">
        <DISS_contact_effdt>09/12/2014</DISS_contact_effdt>
        <DISS_phone_fax type="P">
          <DISS_cntry_cd>0</DISS_cntry_cd>
          <DISS_area_code>666</DISS_area_code>
          <DISS_phone_num>4201999</DISS_phone_num>
          <DISS_phone_ext/>
        </DISS_phone_fax>
        <DISS_address>
          <DISS_addrline>1 Fake Road</DISS_addrline>
          <DISS_city>Unreal City</DISS_city>
          <DISS_st>State of Denial</DISS_st>
          <DISS_pcode>00000</DISS_pcode>
          <DISS_country>Earth</DISS_country>
        </DISS_address>
        <DISS_email>fake@hotmail.con</DISS_email>
      </DISS_contact>
      <DISS_citizenship>N/A</DISS_citizenship>
    </DISS_author>
  </DISS_authorship>
  <DISS_description page_count="149" type="doctoral" external_id="http://dissertations.umi.com/ucsb:12537" apply_for_copyright="no">
    <DISS_title>It Happened to Me: I Ate Lunch at 10:30</DISS_title>
    <DISS_dates>
      <DISS_comp_date>2015</DISS_comp_date>
      <DISS_accept_date>01/01/2015</DISS_accept_date>
    </DISS_dates>
    <DISS_degree>Ph.D.</DISS_degree>
    <DISS_institution>
      <DISS_inst_code>0035</DISS_inst_code>
      <DISS_inst_name>University of California, Santa Barbara</DISS_inst_name>
      <DISS_inst_contact>Food Science</DISS_inst_contact>
      <DISS_processing_code>D</DISS_processing_code>
    </DISS_institution>
    <DISS_advisor>
      <DISS_name>
        <DISS_surname>Weasley</DISS_surname>
        <DISS_fname>Ron</DISS_fname>
        <DISS_middle>B</DISS_middle>
      </DISS_name>
    </DISS_advisor>
    <DISS_cmte_member>
      <DISS_name>
        <DISS_surname>Dangit</DISS_surname>
        <DISS_fname>Sean</DISS_fname>
        <DISS_middle>P</DISS_middle>
        <DISS_suffix/>
        <DISS_affiliation/>
      </DISS_name>
    </DISS_cmte_member>
    <DISS_cmte_member>
      <DISS_name>
        <DISS_surname>Clinton</DISS_surname>
        <DISS_fname>Hilary</DISS_fname>
        <DISS_middle>R</DISS_middle>
        <DISS_suffix/>
        <DISS_affiliation/>
      </DISS_name>
    </DISS_cmte_member>
    <DISS_cmte_member>
      <DISS_name>
        <DISS_surname>Firefly</DISS_surname>
        <DISS_fname>Rufus</DISS_fname>
        <DISS_middle>T</DISS_middle>
        <DISS_suffix/>
        <DISS_affiliation/>
      </DISS_name>
    </DISS_cmte_member>
    <DISS_cmte_member>
      <DISS_name>
        <DISS_surname>Ben-Gurion</DISS_surname>
        <DISS_fname>David</DISS_fname>
        <DISS_middle/>
        <DISS_suffix/>
        <DISS_affiliation/>
      </DISS_name>
    </DISS_cmte_member>
    <DISS_categorization>
      <DISS_category>
        <DISS_cat_code>0544</DISS_cat_code>
        <DISS_cat_desc>Electrical engineering</DISS_cat_desc>
      </DISS_category>
      <DISS_keyword/>
      <DISS_language>en</DISS_language>
    </DISS_categorization>
  </DISS_description>
  <DISS_content>
    <DISS_abstract>
      <DISS_para>The first event of any importance in the family was the death of Mr. Norris, which happened when Fanny was about fifteen, and necessarily introduced alterations and novelties. Mrs. Norris, on quitting the Parsonage, removed first to the Park, and afterwards to a small house of Sir Thomas's in the village, and consoled herself for the loss of her husband by considering that she could do very well without him; and for her reduction of income by the evident necessity of stricter economy.</DISS_para>
      <DISS_para>The living was hereafter for Edmund; and, had his uncle died a few years sooner, it would have been duly given to some friend to hold till he were old enough for orders. But Tom's extravagance had, previous to that event, been so great as to render a different disposal of the next presentation necessary, and the younger brother must help to pay for the pleasures of the elder. There was another family living actually held for Edmund; but though this circumstance had made the arrangement somewhat easier to Sir Thomas's conscience, he could not but feel it to be an act of injustice, and he earnestly tried to impress his eldest son with the same conviction, in the hope of its producing a better effect than anything he had yet been able to say or do.</DISS_para>
      <DISS_para>"I blush for you, Tom," said he, in his most dignified manner; "I blush for the expedient which I am driven on, and I trust I may pity your feelings as a brother on the occasion. You have robbed Edmund for ten, twenty, thirty years, perhaps for life, of more than half the income which ought to be his. It may hereafter be in my power, or in yours (I hope it will), to procure him better preferment; but it must not be forgotten that no benefit of that sort would have been beyond his natural claims on us, and that nothing can, in fact, be an equivalent for the certain advantage which he is now obliged to forego through the urgency of your debts."</DISS_para>
      <DISS_para>Tom listened with some shame and some sorrow; but escaping as quickly as possible, could soon with cheerful selfishness reflect, firstly, that he had not been half so much in debt as some of his friends; secondly, that his father had made a most tiresome piece of work of it; and, thirdly, that the future incumbent, whoever he might be, would, in all probability, die very soon.</DISS_para>
    </DISS_abstract>
    <DISS_binary type="PDF">Belacqua_ucsb_0035D_12537.pdf</DISS_binary>
  </DISS_content>
  <DISS_restriction/>
  <DISS_repository>
    <DISS_version>2015-02-27 20:47:45</DISS_version>
    <DISS_agreement_decision_date>2015-03-20 12:51:25</DISS_agreement_decision_date>
    <DISS_acceptance>1</DISS_acceptance>
    <DISS_delayed_release/>
    <DISS_access_option>Campus use only</DISS_access_option>
  </DISS_repository>
</DISS_submission>
