<?xml version="1.0" encoding="iso-8859-1"?>
<DISS_submission publishing_option="0" embargo_code="0" third_party_search="Y">
  <DISS_authorship>
    <DISS_author type="primary">
      <DISS_name>
        <DISS_surname>June</DISS_surname>
        <DISS_fname>Bug</DISS_fname>
        <DISS_middle/>
        <DISS_suffix/>
        <DISS_affiliation>University of California, Santa Barbara</DISS_affiliation>
      </DISS_name>
      <DISS_contact type="current">
        <DISS_contact_effdt>12/13/2013</DISS_contact_effdt>
        <DISS_phone_fax type="P">
          <DISS_cntry_cd>0</DISS_cntry_cd>
          <DISS_area_code>666</DISS_area_code>
          <DISS_phone_num>4201999</DISS_phone_num>
          <DISS_phone_ext/>
        </DISS_phone_fax>
        <DISS_address>
          <DISS_addrline>1 Fake Road</DISS_addrline>
          <DISS_city>Unreal City</DISS_city>
          <DISS_st>State of Denial</DISS_st>
          <DISS_pcode>00000</DISS_pcode>
          <DISS_country>Earth</DISS_country>
        </DISS_address>
        <DISS_email>fake@hotmail.con</DISS_email>
      </DISS_contact>
      <DISS_contact type="future">
        <DISS_contact_effdt>12/13/2013</DISS_contact_effdt>
        <DISS_phone_fax type="P">
          <DISS_cntry_cd>0</DISS_cntry_cd>
          <DISS_area_code>666</DISS_area_code>
          <DISS_phone_num>4201999</DISS_phone_num>
          <DISS_phone_ext/>
        </DISS_phone_fax>
        <DISS_address>
          <DISS_addrline>1 Fake Road</DISS_addrline>
          <DISS_city>Unreal City</DISS_city>
          <DISS_st>State of Denial</DISS_st>
          <DISS_pcode>00000</DISS_pcode>
          <DISS_country>Earth</DISS_country>
        </DISS_address>
        <DISS_email>fake@hotmail.con</DISS_email>
      </DISS_contact>
      <DISS_citizenship>N/A</DISS_citizenship>
    </DISS_author>
  </DISS_authorship>
  <DISS_description page_count="18" type="doctoral" external_id="http://dissertations.umi.com/ucsb:11999" apply_for_copyright="yes">
    <DISS_title>Creating Bionic Aphids</DISS_title>
    <DISS_dates>
      <DISS_comp_date>2013</DISS_comp_date>
      <DISS_accept_date>01/01/2013</DISS_accept_date>
    </DISS_dates>
    <DISS_degree>D.Eng.</DISS_degree>
    <DISS_institution>
      <DISS_inst_code>0035</DISS_inst_code>
      <DISS_inst_name>University of California, Santa Barbara</DISS_inst_name>
      <DISS_inst_contact>Materials</DISS_inst_contact>
      <DISS_processing_code>D</DISS_processing_code>
    </DISS_institution>
    <DISS_advisor>
      <DISS_name>
        <DISS_surname>Splat</DISS_surname>
        <DISS_fname>Sam</DISS_fname>
        <DISS_middle>S</DISS_middle>
      </DISS_name>
    </DISS_advisor>
    <DISS_advisor>
      <DISS_name>
        <DISS_surname>Mund</DISS_surname>
        <DISS_fname>Chad</DISS_fname>
        <DISS_middle/>
      </DISS_name>
    </DISS_advisor>
    <DISS_cmte_member>
      <DISS_name>
        <DISS_surname>Factory</DISS_surname>
        <DISS_fname>My</DISS_fname>
        <DISS_middle/>
        <DISS_suffix/>
        <DISS_affiliation/>
      </DISS_name>
    </DISS_cmte_member>
    <DISS_cmte_member>
      <DISS_name>
        <DISS_surname>Denver</DISS_surname>
        <DISS_fname>Kitchen</DISS_fname>
        <DISS_middle>P</DISS_middle>
        <DISS_suffix/>
        <DISS_affiliation/>
      </DISS_name>
    </DISS_cmte_member>
    <DISS_categorization>
      <DISS_category>
        <DISS_cat_code>0794</DISS_cat_code>
        <DISS_cat_desc>Materials Science</DISS_cat_desc>
      </DISS_category>
      <DISS_keyword>Bugs, food, more bugs</DISS_keyword>
      <DISS_language>en</DISS_language>
    </DISS_categorization>
  </DISS_description>
  <DISS_content>
    <DISS_abstract>
      <DISS_para>He had expected a very different son-in-law; and beginning to feel grave on Maria's account, tried to understand her feelings. Little observation there was necessary to tell him that indifference was the most favourable state they could be in. Her behaviour to Mr. Rushworth was careless and cold. She could not, did not like him. Sir Thomas resolved to speak seriously to her. Advantageous as would be the alliance, and long standing and public as was the engagement, her happiness must not be sacrificed to it. Mr. Rushworth had, perhaps, been accepted on too short an acquaintance, and, on knowing him better, she was repenting.</DISS_para>
      <DISS_para>With solemn kindness Sir Thomas addressed her: told her his fears, inquired into her wishes, entreated her to be open and sincere, and assured her that every inconvenience should be braved, and the connexion entirely given up, if she felt herself unhappy in the prospect of it. He would act for her and release her. Maria had a moment's struggle as she listened, and only a moment's: when her father ceased, she was able to give her answer immediately, decidedly, and with no apparent agitation. She thanked him for his great attention, his paternal kindness, but he was quite mistaken in supposing she had the smallest desire of breaking through her engagement, or was sensible of any change of opinion or inclination since her forming it. She had the highest esteem for Mr. Rushworth's character and disposition, and could not have a doubt of her happiness with him.</DISS_para>
    </DISS_abstract>
    <DISS_binary type="PDF">June_ucsb_0035D_11999.pdf</DISS_binary>
  </DISS_content>
  <DISS_restriction/>
  <DISS_repository>
    <DISS_version/>
    <DISS_agreement_decision_date/>
    <DISS_acceptance/>
    <DISS_delayed_release/>
    <DISS_access_option/>
  </DISS_repository>
</DISS_submission>
