<?xml version="1.0" encoding="iso-8859-1"?>
<DISS_submission publishing_option="0" embargo_code="1" third_party_search="N">
  <DISS_authorship>
    <DISS_author type="primary">
      <DISS_name>
        <DISS_surname>Limeade</DISS_surname>
        <DISS_fname>Crisp</DISS_fname>
        <DISS_middle/>
        <DISS_suffix/>
        <DISS_affiliation>University of California, Santa Barbara</DISS_affiliation>
      </DISS_name>
      <DISS_contact type="current">
        <DISS_contact_effdt>08/11/2014</DISS_contact_effdt>
        <DISS_address>
          <DISS_addrline>1 Fake Road</DISS_addrline>
          <DISS_city>Unreal City</DISS_city>
          <DISS_st>State of Denial</DISS_st>
          <DISS_pcode>00000</DISS_pcode>
          <DISS_country>Earth</DISS_country>
        </DISS_address>
        <DISS_email>fake@hotmail.con</DISS_email>
      </DISS_contact>
      <DISS_contact type="future">
        <DISS_contact_effdt>08/11/2014</DISS_contact_effdt>
        <DISS_address>
          <DISS_addrline>1 Fake Road</DISS_addrline>
          <DISS_city>Unreal City</DISS_city>
          <DISS_st>State of Denial</DISS_st>
          <DISS_pcode>00000</DISS_pcode>
          <DISS_country>Earth</DISS_country>
        </DISS_address>
        <DISS_email>fake@hotmail.con</DISS_email>
      </DISS_contact>
      <DISS_citizenship>N/A</DISS_citizenship>
    </DISS_author>
  </DISS_authorship>
  <DISS_description page_count="222" type="doctoral" external_id="http://dissertations.umi.com/ucsb:12251" apply_for_copyright="no">
    <DISS_title>Best Recipe for My Eponymous Drink</DISS_title>
    <DISS_dates>
      <DISS_comp_date>2014</DISS_comp_date>
      <DISS_accept_date>01/01/2014</DISS_accept_date>
    </DISS_dates>
    <DISS_degree>Ph.D.</DISS_degree>
    <DISS_institution>
      <DISS_inst_code>0035</DISS_inst_code>
      <DISS_inst_name>University of California, Santa Barbara</DISS_inst_name>
      <DISS_inst_contact>Materials</DISS_inst_contact>
      <DISS_processing_code>D</DISS_processing_code>
    </DISS_institution>
    <DISS_advisor>
      <DISS_name>
        <DISS_surname>Chappie</DISS_surname>
        <DISS_fname>Matt</DISS_fname>
        <DISS_middle>L</DISS_middle>
      </DISS_name>
    </DISS_advisor>
    <DISS_cmte_member>
      <DISS_name>
        <DISS_surname>Salesman</DISS_surname>
        <DISS_fname>Chris</DISS_fname>
        <DISS_middle>J</DISS_middle>
        <DISS_suffix/>
        <DISS_affiliation/>
      </DISS_name>
    </DISS_cmte_member>
    <DISS_cmte_member>
      <DISS_name>
        <DISS_surname>Flat</DISS_surname>
        <DISS_fname>Fred</DISS_fname>
        <DISS_middle>H</DISS_middle>
        <DISS_suffix/>
        <DISS_affiliation/>
      </DISS_name>
    </DISS_cmte_member>
    <DISS_cmte_member>
      <DISS_name>
        <DISS_surname>Wallet</DISS_surname>
        <DISS_fname>Empty</DISS_fname>
        <DISS_middle>G</DISS_middle>
        <DISS_suffix/>
        <DISS_affiliation/>
      </DISS_name>
    </DISS_cmte_member>
    <DISS_categorization>
      <DISS_category>
        <DISS_cat_code>0794</DISS_cat_code>
        <DISS_cat_desc>Materials Science</DISS_cat_desc>
      </DISS_category>
      <DISS_keyword>organic julius, fresh squeezed</DISS_keyword>
      <DISS_language>en</DISS_language>
    </DISS_categorization>
  </DISS_description>
  <DISS_content>
    <DISS_abstract>
      <DISS_para>Mr. Rushworth was at the door to receive his fair lady; and the whole party were welcomed by him with due attention. In the drawing-room they were met with equal cordiality by the mother, and Miss Bertram had all the distinction with each that she could wish. After the business of arriving was over, it was first necessary to eat, and the doors were thrown open to admit them through one or two intermediate rooms into the appointed dining-parlour, where a collation was prepared with abundance and elegance. Much was said, and much was ate, and all went well. The particular object of the day was then considered. How would Mr. Crawford like, in what manner would he chuse, to take a survey of the grounds? Mr. Rushworth mentioned his curricle. Mr. Crawford suggested the greater desirableness of some carriage which might convey more than two. "To be depriving themselves of the advantage of other eyes and other judgments, might be an evil even beyond the loss of present pleasure."</DISS_para>
    </DISS_abstract>
    <DISS_binary type="PDF">Limeade_ucsb_0035D_12251.pdf</DISS_binary>
  </DISS_content>
  <DISS_restriction/>
  <DISS_repository>
    <DISS_version>2014-06-04 18:56:24</DISS_version>
    <DISS_agreement_decision_date>2014-08-13 21:57:25</DISS_agreement_decision_date>
    <DISS_acceptance>1</DISS_acceptance>
    <DISS_delayed_release>6 months</DISS_delayed_release>
    <DISS_access_option>Open access</DISS_access_option>
  </DISS_repository>
</DISS_submission>
