<?xml version="1.0" encoding="iso-8859-1"?>
<DISS_submission publishing_option="0" embargo_code="0" third_party_search="Y">
  <DISS_authorship>
    <DISS_author type="primary">
      <DISS_name>
        <DISS_surname>Fluff</DISS_surname>
        <DISS_fname>Floof</DISS_fname>
        <DISS_middle>Flump</DISS_middle>
        <DISS_suffix/>
        <DISS_affiliation>University of California, Santa Barbara</DISS_affiliation>
      </DISS_name>
      <DISS_contact type="current">
        <DISS_contact_effdt>06/08/2014</DISS_contact_effdt>
        <DISS_phone_fax type="P">
          <DISS_cntry_cd>0</DISS_cntry_cd>
          <DISS_area_code>666</DISS_area_code>
          <DISS_phone_num>4201999</DISS_phone_num>
          <DISS_phone_ext/>
        </DISS_phone_fax>
        <DISS_address>
          <DISS_addrline>1 Fake Road</DISS_addrline>
          <DISS_city>Unreal City</DISS_city>
          <DISS_st>State of Denial</DISS_st>
          <DISS_pcode>00000</DISS_pcode>
          <DISS_country>Earth</DISS_country>
        </DISS_address>
        <DISS_email>fake@hotmail.con</DISS_email>
      </DISS_contact>
      <DISS_contact type="future">
        <DISS_contact_effdt>09/12/2014</DISS_contact_effdt>
        <DISS_phone_fax type="P">
          <DISS_cntry_cd>0</DISS_cntry_cd>
          <DISS_area_code>666</DISS_area_code>
          <DISS_phone_num>4201999</DISS_phone_num>
          <DISS_phone_ext/>
        </DISS_phone_fax>
        <DISS_address>
          <DISS_addrline>1 Fake Road</DISS_addrline>
          <DISS_city>Unreal City</DISS_city>
          <DISS_st>State of Denial</DISS_st>
          <DISS_pcode>00000</DISS_pcode>
          <DISS_country>Earth</DISS_country>
        </DISS_address>
        <DISS_email>fake@hotmail.con</DISS_email>
      </DISS_contact>
      <DISS_citizenship>N/A</DISS_citizenship>
    </DISS_author>
  </DISS_authorship>
  <DISS_description page_count="170" type="doctoral" external_id="http://dissertations.umi.com/ucsb:12167" apply_for_copyright="no">
    <DISS_title>Fluff</DISS_title>
    <DISS_dates>
      <DISS_comp_date>2014</DISS_comp_date>
      <DISS_accept_date>01/01/2014</DISS_accept_date>
    </DISS_dates>
    <DISS_degree>Ph.D.</DISS_degree>
    <DISS_institution>
      <DISS_inst_code>0035</DISS_inst_code>
      <DISS_inst_name>University of California, Santa Barbara</DISS_inst_name>
      <DISS_inst_contact>Anthropology</DISS_inst_contact>
      <DISS_processing_code>D</DISS_processing_code>
    </DISS_institution>
    <DISS_advisor>
      <DISS_name>
        <DISS_surname>Fuzz</DISS_surname>
        <DISS_fname>Mitch</DISS_fname>
        <DISS_middle>A</DISS_middle>
      </DISS_name>
    </DISS_advisor>
    <DISS_cmte_member>
      <DISS_name>
        <DISS_surname>Frizz</DISS_surname>
        <DISS_fname>Kat</DISS_fname>
        <DISS_middle>A</DISS_middle>
        <DISS_suffix/>
        <DISS_affiliation/>
      </DISS_name>
    </DISS_cmte_member>
    <DISS_cmte_member>
      <DISS_name>
        <DISS_surname>Sponge</DISS_surname>
        <DISS_fname>Matt</DISS_fname>
        <DISS_middle>A</DISS_middle>
        <DISS_suffix/>
        <DISS_affiliation/>
      </DISS_name>
    </DISS_cmte_member>
    <DISS_cmte_member>
      <DISS_name>
        <DISS_surname>Ziff</DISS_surname>
        <DISS_fname>Barbie</DISS_fname>
        <DISS_middle/>
        <DISS_suffix/>
        <DISS_affiliation/>
      </DISS_name>
    </DISS_cmte_member>
    <DISS_categorization>
      <DISS_category>
        <DISS_cat_code>0324</DISS_cat_code>
        <DISS_cat_desc>Archaeology</DISS_cat_desc>
      </DISS_category>
      <DISS_keyword>Fur, snails</DISS_keyword>
      <DISS_language>en</DISS_language>
    </DISS_categorization>
  </DISS_description>
  <DISS_content>
    <DISS_abstract>
      <DISS_para>A young woman, pretty, lively, with a harp as elegant as herself, and both placed near a window, cut down to the ground, and opening on a little lawn, surrounded by shrubs in the rich foliage of summer, was enough to catch any man's heart. The season, the scene, the air, were all favourable to tenderness and sentiment. Mrs. Grant and her tambour frame were not without their use: it was all in harmony; and as everything will turn to account when love is once set going, even the sandwich tray, and Dr. Grant doing the honours of it, were worth looking at. Without studying the business, however, or knowing what he was about, Edmund was beginning, at the end of a week of such intercourse, to be a good deal in love; and to the credit of the lady it may be added that, without his being a man of the world or an elder brother, without any of the arts of flattery or the gaieties of small talk, he began to be agreeable to her. She felt it to be so, though she had not foreseen, and could hardly understand it; for he was not pleasant by any common rule: he talked no nonsense; he paid no compliments; his opinions were unbending, his attentions tranquil and simple. There was a charm, perhaps, in his sincerity, his steadiness, his integrity, which Miss Crawford might be equal to feel, though not equal to discuss with herself. She did not think very much about it, however: he pleased her for the present; she liked to have him near her; it was enough.</DISS_para>
    </DISS_abstract>
    <DISS_binary type="PDF">Fluff_ucsb_0035D_12167.pdf</DISS_binary>
    <DISS_attachment>
      <DISS_file_name>Appendix1_Shellfish_Data.xls</DISS_file_name>
      <DISS_file_category>spreadsheet</DISS_file_category>
      <DISS_file_descr>Appendix 1. fluff data</DISS_file_descr>
    </DISS_attachment>
    <DISS_attachment>
      <DISS_file_name>Appendix5_Table_12_Spp_abundance_SCRI_195.xls</DISS_file_name>
      <DISS_file_category>spreadsheet</DISS_file_category>
      <DISS_file_descr>Appendix 5. Table 12. Fluff Abundance</DISS_file_descr>
    </DISS_attachment>
    <DISS_attachment>
      <DISS_file_name>Appendix2_Mcalifornianus_Shell_Length_Data.xls</DISS_file_name>
      <DISS_file_category>spreadsheet</DISS_file_category>
      <DISS_file_descr>Appendix 2. Fur Length Data</DISS_file_descr>
    </DISS_attachment>
    <DISS_attachment>
      <DISS_file_name>Appendix3_Oxygen_Isotope_Data.xls</DISS_file_name>
      <DISS_file_category>spreadsheet</DISS_file_category>
      <DISS_file_descr>Appendix 3. Fuzz Data</DISS_file_descr>
    </DISS_attachment>
    <DISS_attachment>
      <DISS_file_name>Appendix4_Mean_SST_Data.xls</DISS_file_name>
      <DISS_file_category>spreadsheet</DISS_file_category>
      <DISS_file_descr>Appendix 4. Mean Flif Data</DISS_file_descr>
    </DISS_attachment>
  </DISS_content>
  <DISS_restriction/>
  <DISS_repository>
    <DISS_version>2014-06-04 17:56:24</DISS_version>
    <DISS_agreement_decision_date>2014-06-10 23:12:34</DISS_agreement_decision_date>
    <DISS_acceptance>1</DISS_acceptance>
    <DISS_delayed_release/>
    <DISS_access_option>Open access</DISS_access_option>
  </DISS_repository>
</DISS_submission>
