<?xml version="1.0" encoding="iso-8859-1"?>
<DISS_submission publishing_option="0" embargo_code="3" third_party_search="N">
  <DISS_authorship>
    <DISS_author type="primary">
      <DISS_name>
        <DISS_surname>Banks</DISS_surname>
        <DISS_fname>Bunny</DISS_fname>
        <DISS_middle>B</DISS_middle>
        <DISS_suffix/>
        <DISS_affiliation>University of California, Santa Barbara</DISS_affiliation>
      </DISS_name>
      <DISS_contact type="current">
        <DISS_contact_effdt>07/31/2013</DISS_contact_effdt>
        <DISS_phone_fax type="P">
          <DISS_cntry_cd>0</DISS_cntry_cd>
          <DISS_area_code>666</DISS_area_code>
          <DISS_phone_num>4201999</DISS_phone_num>
          <DISS_phone_ext/>
        </DISS_phone_fax>
        <DISS_address>
          <DISS_addrline>1 Fake Road</DISS_addrline>
          <DISS_city>Unreal City</DISS_city>
          <DISS_st>State of Denial</DISS_st>
          <DISS_pcode>00000</DISS_pcode>
          <DISS_country>Earth</DISS_country>
        </DISS_address>
        <DISS_email>fake@hotmail.con</DISS_email>
      </DISS_contact>
      <DISS_contact type="future">
        <DISS_contact_effdt>07/31/2013</DISS_contact_effdt>
        <DISS_phone_fax type="P">
          <DISS_cntry_cd>0</DISS_cntry_cd>
          <DISS_area_code>666</DISS_area_code>
          <DISS_phone_num>4201999</DISS_phone_num>
          <DISS_phone_ext/>
        </DISS_phone_fax>
        <DISS_address>
          <DISS_addrline>1 Fake Road</DISS_addrline>
          <DISS_city>Unreal City</DISS_city>
          <DISS_st>State of Denial</DISS_st>
          <DISS_pcode>00000</DISS_pcode>
          <DISS_country>Earth</DISS_country>
        </DISS_address>
        <DISS_email>fake@hotmail.con</DISS_email>
      </DISS_contact>
      <DISS_citizenship>N/A</DISS_citizenship>
    </DISS_author>
  </DISS_authorship>
  <DISS_description page_count="299" type="doctoral" external_id="http://dissertations.umi.com/ucsb:11753" apply_for_copyright="yes">
    <DISS_title>Watership Updog</DISS_title>
    <DISS_dates>
      <DISS_comp_date>2013</DISS_comp_date>
      <DISS_accept_date>01/01/2013</DISS_accept_date>
    </DISS_dates>
    <DISS_degree>Ph.D.</DISS_degree>
    <DISS_institution>
      <DISS_inst_code>0035</DISS_inst_code>
      <DISS_inst_name>University of California, Santa Barbara</DISS_inst_name>
      <DISS_inst_contact>History</DISS_inst_contact>
      <DISS_processing_code>D</DISS_processing_code>
    </DISS_institution>
    <DISS_advisor>
      <DISS_name>
        <DISS_surname>Plath</DISS_surname>
        <DISS_fname>Alan</DISS_fname>
        <DISS_middle>M</DISS_middle>
      </DISS_name>
    </DISS_advisor>
    <DISS_advisor>
      <DISS_name>
        <DISS_surname>Sutro</DISS_surname>
        <DISS_fname>San</DISS_fname>
        <DISS_middle/>
      </DISS_name>
    </DISS_advisor>
    <DISS_cmte_member>
      <DISS_name>
        <DISS_surname>Teleprompter</DISS_surname>
        <DISS_fname>Nice</DISS_fname>
        <DISS_middle/>
        <DISS_suffix/>
        <DISS_affiliation/>
      </DISS_name>
    </DISS_cmte_member>
    <DISS_cmte_member>
      <DISS_name>
        <DISS_surname>Bloom</DISS_surname>
        <DISS_fname>Bloom</DISS_fname>
        <DISS_middle/>
        <DISS_suffix/>
        <DISS_affiliation/>
      </DISS_name>
    </DISS_cmte_member>
    <DISS_categorization>
      <DISS_category>
        <DISS_cat_code>0578</DISS_cat_code>
        <DISS_cat_desc>History</DISS_cat_desc>
      </DISS_category>
      <DISS_keyword>Whats up, dogs, animals</DISS_keyword>
      <DISS_language>en</DISS_language>
    </DISS_categorization>
  </DISS_description>
  <DISS_content>
    <DISS_abstract>
      <DISS_para>Fanny believed herself to derive as much innocent enjoyment from the play as any of them; Henry Crawford acted well, and it was a pleasure to her to creep into the theatre, and attend the rehearsal of the first act, in spite of the feelings it excited in some speeches for Maria. Maria, she also thought, acted well, too well; and after the first rehearsal or two, Fanny began to be their only audience; and sometimes as prompter, sometimes as spectator, was often very useful. As far as she could judge, Mr. Crawford was considerably the best actor of all: he had more confidence than Edmund, more judgment than Tom, more talent and taste than Mr. Yates. She did not like him as a man, but she must admit him to be the best actor, and on this point there were not many who differed from her. Mr. Yates, indeed, exclaimed against his tameness and insipidity; and the day came at last, when Mr. Rushworth turned to her with a black look, and said, "Do you think there is anything so very fine in all this? For the life and soul of me, I cannot admire him; and, between ourselves, to see such an undersized, little, mean-looking man, set up for a fine actor, is very ridiculous in my opinion."</DISS_para>
    </DISS_abstract>
    <DISS_binary type="PDF">Banks_ucsb_0035D_11753.pdf</DISS_binary>
  </DISS_content>
  <DISS_restriction/>
  <DISS_repository>
    <DISS_version/>
    <DISS_agreement_decision_date/>
    <DISS_acceptance/>
    <DISS_delayed_release/>
    <DISS_access_option/>
  </DISS_repository>
</DISS_submission>
