<?xml version="1.0" encoding="iso-8859-1"?>
<DISS_submission publishing_option="0" embargo_code="4" third_party_search="Y">
  <DISS_authorship>
    <DISS_author type="primary">
      <DISS_name>
        <DISS_surname>Cat</DISS_surname>
        <DISS_fname>Not</DISS_fname>
        <DISS_middle>A</DISS_middle>
        <DISS_suffix/>
        <DISS_affiliation>University of California, Santa Barbara</DISS_affiliation>
      </DISS_name>
      <DISS_contact type="current">
        <DISS_contact_effdt>12/18/2014</DISS_contact_effdt>
        <DISS_phone_fax type="P">
          <DISS_cntry_cd>0</DISS_cntry_cd>
          <DISS_area_code>666</DISS_area_code>
          <DISS_phone_num>4201999</DISS_phone_num>
          <DISS_phone_ext/>
        </DISS_phone_fax>
        <DISS_address>
          <DISS_addrline>1 Fake Road</DISS_addrline>
          <DISS_city>Unreal City</DISS_city>
          <DISS_st>State of Denial</DISS_st>
          <DISS_pcode>00000</DISS_pcode>
          <DISS_country>Earth</DISS_country>
        </DISS_address>
        <DISS_email>fake@hotmail.con</DISS_email>
      </DISS_contact>
      <DISS_contact type="future">
        <DISS_contact_effdt>09/12/2014</DISS_contact_effdt>
        <DISS_phone_fax type="P">
          <DISS_cntry_cd>0</DISS_cntry_cd>
          <DISS_area_code>666</DISS_area_code>
          <DISS_phone_num>4201999</DISS_phone_num>
          <DISS_phone_ext/>
        </DISS_phone_fax>
        <DISS_address>
          <DISS_addrline>1 Fake Road</DISS_addrline>
          <DISS_city>Unreal City</DISS_city>
          <DISS_st>State of Denial</DISS_st>
          <DISS_pcode>00000</DISS_pcode>
          <DISS_country>Earth</DISS_country>
        </DISS_address>
        <DISS_email>fake@hotmail.con</DISS_email>
      </DISS_contact>
      <DISS_citizenship>N/A</DISS_citizenship>
    </DISS_author>
  </DISS_authorship>
  <DISS_description page_count="218" type="doctoral" external_id="http://dissertations.umi.com/ucsb:12464" apply_for_copyright="no">
    <DISS_title>This is a Real Dissertation: Test Data, Scholarship, and Digital Reality</DISS_title>
    <DISS_dates>
      <DISS_comp_date>2015</DISS_comp_date>
      <DISS_accept_date>01/01/2015</DISS_accept_date>
    </DISS_dates>
    <DISS_degree>Ph.D.</DISS_degree>
    <DISS_institution>
      <DISS_inst_code>0035</DISS_inst_code>
      <DISS_inst_name>University of California, Santa Barbara</DISS_inst_name>
      <DISS_inst_contact>Feline Studies</DISS_inst_contact>
      <DISS_processing_code>D</DISS_processing_code>
    </DISS_institution>
    <DISS_advisor>
      <DISS_name>
        <DISS_surname>Dog</DISS_surname>
        <DISS_fname>Definitely</DISS_fname>
        <DISS_middle/>
      </DISS_name>
    </DISS_advisor>
    <DISS_cmte_member>
      <DISS_name>
        <DISS_surname>Someone</DISS_surname>
        <DISS_fname>Probably</DISS_fname>
        <DISS_middle/>
        <DISS_suffix/>
        <DISS_affiliation/>
      </DISS_name>
    </DISS_cmte_member>
    <DISS_cmte_member>
      <DISS_name>
        <DISS_surname>Bird</DISS_surname>
        <DISS_fname>Ann</DISS_fname>
        <DISS_middle/>
        <DISS_suffix/>
        <DISS_affiliation/>
      </DISS_name>
    </DISS_cmte_member>
    <DISS_cmte_member>
      <DISS_name>
        <DISS_surname>Name</DISS_surname>
        <DISS_fname>Another</DISS_fname>
        <DISS_middle/>
        <DISS_suffix/>
        <DISS_affiliation/>
      </DISS_name>
    </DISS_cmte_member>
    <DISS_categorization>
      <DISS_category>
        <DISS_cat_code>0631</DISS_cat_code>
        <DISS_cat_desc>Ethnic studies</DISS_cat_desc>
      </DISS_category>
      <DISS_category>
        <DISS_cat_code>0453</DISS_cat_code>
        <DISS_cat_desc>Women's studies</DISS_cat_desc>
      </DISS_category>
      <DISS_category>
        <DISS_cat_code>0344</DISS_cat_code>
        <DISS_cat_desc>Social research</DISS_cat_desc>
      </DISS_category>
      <DISS_keyword>cats, media, curation, hydra, git</DISS_keyword>
      <DISS_language>en</DISS_language>
    </DISS_categorization>
  </DISS_description>
  <DISS_content>
    <DISS_abstract>
      <DISS_para>Fanny Price was at this time just ten years old, and though there might not be much in her first appearance to captivate, there was, at least, nothing to disgust her relations. She was small of her age, with no glow of complexion, nor any other striking beauty; exceedingly timid and shy, and shrinking from notice; but her air, though awkward, was not vulgar, her voice was sweet, and when she spoke her countenance was pretty. Sir Thomas and Lady Bertram received her very kindly; and Sir Thomas, seeing how much she needed encouragement, tried to be all that was conciliating: but he had to work against a most untoward gravity of deportment; and Lady Bertram, without taking half so much trouble, or speaking one word where he spoke ten, by the mere aid of a good-humoured smile, became immediately the less awful character of the two.</DISS_para>
    </DISS_abstract>
    <DISS_binary type="PDF">Cat_ucsb_0035D_12464.pdf</DISS_binary>
  </DISS_content>
  <DISS_restriction>
    <DISS_sales_restriction code="1" remove="04/24/2017"/>
  </DISS_restriction>
  <DISS_repository>
    <DISS_version>2014-06-04 13:56:24</DISS_version>
    <DISS_agreement_decision_date>2014-12-18 19:59:00</DISS_agreement_decision_date>
    <DISS_acceptance>1</DISS_acceptance>
    <DISS_delayed_release>2017-04-24 00:00:00</DISS_delayed_release>
    <DISS_access_option>Open access</DISS_access_option>
  </DISS_repository>
</DISS_submission>
