<?xml version="1.0" encoding="iso-8859-1"?>
<DISS_submission publishing_option="0" embargo_code="4" third_party_search="N">
  <DISS_authorship>
    <DISS_author type="primary">
      <DISS_name>
        <DISS_surname>Calvary</DISS_surname>
        <DISS_fname>Ed</DISS_fname>
        <DISS_middle>A.</DISS_middle>
        <DISS_suffix/>
        <DISS_affiliation>University of California, Santa Barbara</DISS_affiliation>
      </DISS_name>
      <DISS_contact type="current">
        <DISS_contact_effdt>06/13/2014</DISS_contact_effdt>
        <DISS_phone_fax type="P">
          <DISS_cntry_cd>0</DISS_cntry_cd>
          <DISS_area_code>666</DISS_area_code>
          <DISS_phone_num>4201999</DISS_phone_num>
          <DISS_phone_ext/>
        </DISS_phone_fax>
        <DISS_address>
          <DISS_addrline>1 Fake Road</DISS_addrline>
          <DISS_city>Unreal City</DISS_city>
          <DISS_st>State of Denial</DISS_st>
          <DISS_pcode>00000</DISS_pcode>
          <DISS_country>Earth</DISS_country>
        </DISS_address>
        <DISS_email>fake@hotmail.con</DISS_email>
      </DISS_contact>
      <DISS_contact type="future">
        <DISS_contact_effdt>09/12/2014</DISS_contact_effdt>
        <DISS_phone_fax type="P">
          <DISS_cntry_cd>0</DISS_cntry_cd>
          <DISS_area_code>666</DISS_area_code>
          <DISS_phone_num>4201999</DISS_phone_num>
          <DISS_phone_ext/>
        </DISS_phone_fax>
        <DISS_address>
          <DISS_addrline>1 Fake Road</DISS_addrline>
          <DISS_city>Unreal City</DISS_city>
          <DISS_st>State of Denial</DISS_st>
          <DISS_pcode>00000</DISS_pcode>
          <DISS_country>Earth</DISS_country>
        </DISS_address>
        <DISS_email>fake@hotmail.con</DISS_email>
      </DISS_contact>
      <DISS_citizenship>N/A</DISS_citizenship>
    </DISS_author>
  </DISS_authorship>
  <DISS_description page_count="666" type="doctoral" external_id="http://dissertations.umi.com/ucsb:12211" apply_for_copyright="no">
    <DISS_title>Running Out of Title Ideas</DISS_title>
    <DISS_dates>
      <DISS_comp_date>2014</DISS_comp_date>
      <DISS_accept_date>01/01/2014</DISS_accept_date>
    </DISS_dates>
    <DISS_degree>Ph.D.</DISS_degree>
    <DISS_institution>
      <DISS_inst_code>0035</DISS_inst_code>
      <DISS_inst_name>University of California, Santa Barbara</DISS_inst_name>
      <DISS_inst_contact>Bottom of the Barrel</DISS_inst_contact>
      <DISS_processing_code>D</DISS_processing_code>
    </DISS_institution>
    <DISS_advisor>
      <DISS_name>
        <DISS_surname>Lum</DISS_surname>
        <DISS_fname>Fran</DISS_fname>
        <DISS_middle>A.</DISS_middle>
      </DISS_name>
    </DISS_advisor>
    <DISS_advisor>
      <DISS_name>
        <DISS_surname>Hufflepuff</DISS_surname>
        <DISS_fname>Max</DISS_fname>
        <DISS_middle/>
      </DISS_name>
    </DISS_advisor>
    <DISS_cmte_member>
      <DISS_name>
        <DISS_surname>Lipstick</DISS_surname>
        <DISS_fname>George</DISS_fname>
        <DISS_middle/>
        <DISS_suffix/>
        <DISS_affiliation/>
      </DISS_name>
    </DISS_cmte_member>
    <DISS_cmte_member>
      <DISS_name>
        <DISS_surname>Lepore</DISS_surname>
        <DISS_fname>Mip</DISS_fname>
        <DISS_middle/>
        <DISS_suffix/>
        <DISS_affiliation/>
      </DISS_name>
    </DISS_cmte_member>
    <DISS_categorization>
      <DISS_category>
        <DISS_cat_code>0631</DISS_cat_code>
        <DISS_cat_desc>Barrel studies</DISS_cat_desc>
      </DISS_category>
      <DISS_category>
        <DISS_cat_code>0358</DISS_cat_code>
        <DISS_cat_desc>Folklore</DISS_cat_desc>
      </DISS_category>
      <DISS_keyword>Barrel Studies, cats, ideas</DISS_keyword>
      <DISS_language>en</DISS_language>
    </DISS_categorization>
  </DISS_description>
  <DISS_content>
    <DISS_abstract>
      <DISS_para>Fanny's rides recommenced the very next day; and as it was a pleasant fresh-feeling morning, less hot than the weather had lately been, Edmund trusted that her losses, both of health and pleasure, would be soon made good. While she was gone Mr. Rushworth arrived, escorting his mother, who came to be civil and to shew her civility especially, in urging the execution of the plan for visiting Sotherton, which had been started a fortnight before, and which, in consequence of her subsequent absence from home, had since lain dormant. Mrs. Norris and her nieces were all well pleased with its revival, and an early day was named and agreed to, provided Mr. Crawford should be disengaged: the young ladies did not forget that stipulation, and though Mrs. Norris would willingly have answered for his being so, they would neither authorise the liberty nor run the risk; and at last, on a hint from Miss Bertram, Mr. Rushworth discovered that the properest thing to be done was for him to walk down to the Parsonage directly, and call on Mr. Crawford, and inquire whether Wednesday would suit him or not.</DISS_para>
      <DISS_para>Before his return Mrs. Grant and Miss Crawford came in. Having been out some time, and taken a different route to the house, they had not met him. Comfortable hopes, however, were given that he would find Mr. Crawford at home. The Sotherton scheme was mentioned of course. It was hardly possible, indeed, that anything else should be talked of, for Mrs. Norris was in high spirits about it; and Mrs. Rushworth, a well-meaning, civil, prosing, pompous woman, who thought nothing of consequence, but as it related to her own and her son's concerns, had not yet given over pressing Lady Bertram to be of the party. Lady Bertram constantly declined it; but her placid manner of refusal made Mrs. Rushworth still think she wished to come, till Mrs. Norris's more numerous words and louder tone convinced her of the truth.</DISS_para>
    </DISS_abstract>
    <DISS_binary type="PDF">Calvo_ucsb_0035D_12211.pdf</DISS_binary>
  </DISS_content>
  <DISS_restriction>
    <DISS_sales_restriction code="1" remove="06/30/2021"/>
  </DISS_restriction>
  <DISS_repository>
    <DISS_version>2014-06-04 17:56:24</DISS_version>
    <DISS_agreement_decision_date>2014-06-14 03:45:14</DISS_agreement_decision_date>
    <DISS_acceptance>1</DISS_acceptance>
    <DISS_delayed_release>2021-06-30 04:00:00</DISS_delayed_release>
    <DISS_access_option>Campus use only</DISS_access_option>
  </DISS_repository>
</DISS_submission>
