<?xml version="1.0" encoding="iso-8859-1"?>
<DISS_submission publishing_option="0" embargo_code="3" third_party_search="N">
  <DISS_authorship>
    <DISS_author type="primary">
      <DISS_name>
        <DISS_surname>Boardman</DISS_surname>
        <DISS_fname>Stubby</DISS_fname>
        <DISS_middle/>
        <DISS_suffix/>
        <DISS_affiliation>University of California, Santa Barbara</DISS_affiliation>
      </DISS_name>
      <DISS_contact type="current">
        <DISS_contact_effdt>09/13/2014</DISS_contact_effdt>
        <DISS_phone_fax type="P">
          <DISS_cntry_cd>0</DISS_cntry_cd>
          <DISS_area_code>666</DISS_area_code>
          <DISS_phone_num>4201999</DISS_phone_num>
          <DISS_phone_ext/>
        </DISS_phone_fax>
        <DISS_address>
          <DISS_addrline>1 Fake Road</DISS_addrline>
          <DISS_city>Unreal City</DISS_city>
          <DISS_st>State of Denial</DISS_st>
          <DISS_pcode>00000</DISS_pcode>
          <DISS_country>Earth</DISS_country>
        </DISS_address>
        <DISS_email>fake@hotmail.con</DISS_email>
      </DISS_contact>
      <DISS_contact type="future">
        <DISS_contact_effdt>09/12/2014</DISS_contact_effdt>
        <DISS_phone_fax type="P">
          <DISS_cntry_cd>0</DISS_cntry_cd>
          <DISS_area_code>666</DISS_area_code>
          <DISS_phone_num>4201999</DISS_phone_num>
          <DISS_phone_ext/>
        </DISS_phone_fax>
        <DISS_address>
          <DISS_addrline>1 Fake Road</DISS_addrline>
          <DISS_city>Unreal City</DISS_city>
          <DISS_st>State of Denial</DISS_st>
          <DISS_pcode>00000</DISS_pcode>
          <DISS_country>Earth</DISS_country>
        </DISS_address>
        <DISS_email>fake@hotmail.con</DISS_email>
      </DISS_contact>
      <DISS_citizenship>N/A</DISS_citizenship>
    </DISS_author>
  </DISS_authorship>
  <DISS_description page_count="420" type="doctoral" external_id="http://dissertations.umi.com/ucsb:12335" apply_for_copyright="yes">
    <DISS_title>Long-Term Impersonation in British Fiction</DISS_title>
    <DISS_dates>
      <DISS_comp_date>2014</DISS_comp_date>
      <DISS_accept_date>01/01/2014</DISS_accept_date>
    </DISS_dates>
    <DISS_degree>Ph.D.</DISS_degree>
    <DISS_institution>
      <DISS_inst_code>0035</DISS_inst_code>
      <DISS_inst_name>University of California, Santa Barbara</DISS_inst_name>
      <DISS_inst_contact>English</DISS_inst_contact>
      <DISS_processing_code>D</DISS_processing_code>
    </DISS_institution>
    <DISS_advisor>
      <DISS_name>
        <DISS_surname>Llewellyn</DISS_surname>
        <DISS_fname>Daine</DISS_fname>
        <DISS_middle/>
      </DISS_name>
    </DISS_advisor>
    <DISS_cmte_member>
      <DISS_name>
        <DISS_surname>Albatross</DISS_surname>
        <DISS_fname>Kitty</DISS_fname>
        <DISS_middle/>
        <DISS_suffix/>
        <DISS_affiliation/>
      </DISS_name>
    </DISS_cmte_member>
    <DISS_cmte_member>
      <DISS_name>
        <DISS_surname>Bobbin</DISS_surname>
        <DISS_fname>Melinda</DISS_fname>
        <DISS_middle/>
        <DISS_suffix/>
        <DISS_affiliation/>
      </DISS_name>
    </DISS_cmte_member>
    <DISS_cmte_member>
      <DISS_name>
        <DISS_surname>Bryce</DISS_surname>
        <DISS_fname>Frank</DISS_fname>
        <DISS_middle/>
        <DISS_suffix/>
        <DISS_affiliation/>
      </DISS_name>
    </DISS_cmte_member>
    <DISS_categorization>
      <DISS_category>
        <DISS_cat_code>0591</DISS_cat_code>
        <DISS_cat_desc>British literature</DISS_cat_desc>
      </DISS_category>
      <DISS_category>
        <DISS_cat_code>0323</DISS_cat_code>
        <DISS_cat_desc>British studies</DISS_cat_desc>
      </DISS_category>
      <DISS_category>
        <DISS_cat_code>0318</DISS_cat_code>
        <DISS_cat_desc>Religion</DISS_cat_desc>
      </DISS_category>
      <DISS_keyword>impersonation, disguise, music</DISS_keyword>
      <DISS_language>en</DISS_language>
    </DISS_categorization>
  </DISS_description>
  <DISS_content>
    <DISS_abstract>
      <DISS_para>November was the black month fixed for his return. Sir Thomas wrote of it with as much decision as experience and anxiety could authorise. His business was so nearly concluded as to justify him in proposing to take his passage in the September packet, and he consequently looked forward with the hope of being with his beloved family again early in November.</DISS_para>
      <DISS_para>Maria was more to be pitied than Julia; for to her the father brought a husband, and the return of the friend most solicitous for her happiness would unite her to the lover, on whom she had chosen that happiness should depend. It was a gloomy prospect, and all she could do was to throw a mist over it, and hope when the mist cleared away she should see something else. It would hardly be early in November, there were generally delays, a bad passage or something; that favouring something which everybody who shuts their eyes while they look, or their understandings while they reason, feels the comfort of. It would probably be the middle of November at least; the middle of November was three months off. Three months comprised thirteen weeks. Much might happen in thirteen weeks.</DISS_para>
    </DISS_abstract>
    <DISS_binary type="PDF">Boardman_ucsb_0035D_12335.pdf</DISS_binary>
  </DISS_content>
  <DISS_restriction/>
  <DISS_repository>
    <DISS_version>2014-06-04 18:56:24</DISS_version>
    <DISS_agreement_decision_date>2014-09-13 05:48:48</DISS_agreement_decision_date>
    <DISS_acceptance>1</DISS_acceptance>
    <DISS_delayed_release>2 years</DISS_delayed_release>
    <DISS_access_option>Campus use only</DISS_access_option>
  </DISS_repository>
</DISS_submission>
