<?xml version="1.0" encoding="iso-8859-1"?>
<DISS_submission publishing_option="1" embargo_code="0" third_party_search="Y">
  <DISS_authorship>
    <DISS_author type="primary">
      <DISS_name>
        <DISS_surname>Klondike</DISS_surname>
        <DISS_fname>Barbara</DISS_fname>
        <DISS_middle>C</DISS_middle>
        <DISS_suffix/>
        <DISS_affiliation>University of California, Santa Barbara</DISS_affiliation>
      </DISS_name>
      <DISS_contact type="current">
        <DISS_contact_effdt>07/18/2014</DISS_contact_effdt>
        <DISS_phone_fax type="P">
          <DISS_cntry_cd>0</DISS_cntry_cd>
          <DISS_area_code>666</DISS_area_code>
          <DISS_phone_num>4201999</DISS_phone_num>
          <DISS_phone_ext/>
        </DISS_phone_fax>
        <DISS_address>
          <DISS_addrline>1 Fake Road</DISS_addrline>
          <DISS_city>Unreal City</DISS_city>
          <DISS_st>State of Denial</DISS_st>
          <DISS_pcode>00000</DISS_pcode>
          <DISS_country>Earth</DISS_country>
        </DISS_address>
        <DISS_email>fake@hotmail.con</DISS_email>
      </DISS_contact>
      <DISS_contact type="future">
        <DISS_contact_effdt>09/12/2014</DISS_contact_effdt>
        <DISS_phone_fax type="P">
          <DISS_cntry_cd>0</DISS_cntry_cd>
          <DISS_area_code>666</DISS_area_code>
          <DISS_phone_num>4201999</DISS_phone_num>
          <DISS_phone_ext/>
        </DISS_phone_fax>
        <DISS_address>
          <DISS_addrline>1 Fake Road</DISS_addrline>
          <DISS_city>Unreal City</DISS_city>
          <DISS_st>State of Denial</DISS_st>
          <DISS_pcode>00000</DISS_pcode>
          <DISS_country>Earth</DISS_country>
        </DISS_address>
        <DISS_email>fake@hotmail.con</DISS_email>
      </DISS_contact>
      <DISS_citizenship>N/A</DISS_citizenship>
    </DISS_author>
  </DISS_authorship>
  <DISS_description page_count="260" type="doctoral" external_id="http://dissertations.umi.com/ucsb:12227" apply_for_copyright="yes">
    <DISS_title>Chemical Composition of Various Foods</DISS_title>
    <DISS_dates>
      <DISS_comp_date>2014</DISS_comp_date>
      <DISS_accept_date>01/01/2014</DISS_accept_date>
    </DISS_dates>
    <DISS_degree>Ph.D.</DISS_degree>
    <DISS_institution>
      <DISS_inst_code>0035</DISS_inst_code>
      <DISS_inst_name>University of California, Santa Barbara</DISS_inst_name>
      <DISS_inst_contact>Materials</DISS_inst_contact>
      <DISS_processing_code>D</DISS_processing_code>
    </DISS_institution>
    <DISS_advisor>
      <DISS_name>
        <DISS_surname>Salad</DISS_surname>
        <DISS_fname>Fresh</DISS_fname>
        <DISS_middle/>
      </DISS_name>
    </DISS_advisor>
    <DISS_cmte_member>
      <DISS_name>
        <DISS_surname>Apple</DISS_surname>
        <DISS_fname>Cram</DISS_fname>
        <DISS_middle>S</DISS_middle>
        <DISS_suffix/>
        <DISS_affiliation/>
      </DISS_name>
    </DISS_cmte_member>
    <DISS_cmte_member>
      <DISS_name>
        <DISS_surname>Pine</DISS_surname>
        <DISS_fname>Chris</DISS_fname>
        <DISS_middle/>
        <DISS_suffix/>
        <DISS_affiliation/>
      </DISS_name>
    </DISS_cmte_member>
    <DISS_cmte_member>
      <DISS_name>
        <DISS_surname>Kramer</DISS_surname>
        <DISS_fname>Not</DISS_fname>
        <DISS_middle>That</DISS_middle>
        <DISS_suffix/>
        <DISS_affiliation/>
      </DISS_name>
    </DISS_cmte_member>
    <DISS_categorization>
      <DISS_category>
        <DISS_cat_code>0794</DISS_cat_code>
        <DISS_cat_desc>Materials Science</DISS_cat_desc>
      </DISS_category>
      <DISS_keyword>food, antifood, smoothies, spines</DISS_keyword>
      <DISS_language>en</DISS_language>
    </DISS_categorization>
  </DISS_description>
  <DISS_content>
    <DISS_abstract>
      <DISS_para>Wednesday was fine, and soon after breakfast the barouche arrived, Mr. Crawford driving his sisters; and as everybody was ready, there was nothing to be done but for Mrs. Grant to alight and the others to take their places. The place of all places, the envied seat, the post of honour, was unappropriated. To whose happy lot was it to fall? While each of the Miss Bertrams were meditating how best, and with the most appearance of obliging the others, to secure it, the matter was settled by Mrs. Grant's saying, as she stepped from the carriage, "As there are five of you, it will be better that one should sit with Henry; and as you were saying lately that you wished you could drive, Julia, I think this will be a good opportunity for you to take a lesson."</DISS_para>
      <DISS_para>Happy Julia! Unhappy Maria! The former was on the barouche-box in a moment, the latter took her seat within, in gloom and mortification; and the carriage drove off amid the good wishes of the two remaining ladies, and the barking of Pug in his mistress's arms.</DISS_para>
    </DISS_abstract>
    <DISS_binary type="PDF">Klondike_ucsb_0035D_12227.pdf</DISS_binary>
  </DISS_content>
  <DISS_restriction/>
  <DISS_repository>
    <DISS_version>2014-06-04 18:56:24</DISS_version>
    <DISS_agreement_decision_date>2014-07-21 19:16:39</DISS_agreement_decision_date>
    <DISS_acceptance>1</DISS_acceptance>
    <DISS_delayed_release/>
    <DISS_access_option>Open access</DISS_access_option>
  </DISS_repository>
</DISS_submission>
