<?xml version="1.0" encoding="iso-8859-1"?>
<DISS_submission publishing_option="0" embargo_code="0" third_party_search="Y">
  <DISS_authorship>
    <DISS_author type="primary">
      <DISS_name>
        <DISS_surname>Hollandaise</DISS_surname>
        <DISS_fname>Slick</DISS_fname>
        <DISS_middle/>
        <DISS_suffix/>
        <DISS_affiliation>University of California, Santa Barbara</DISS_affiliation>
      </DISS_name>
      <DISS_contact type="current">
        <DISS_contact_effdt>01/02/2014</DISS_contact_effdt>
        <DISS_phone_fax type="P">
          <DISS_cntry_cd>0</DISS_cntry_cd>
          <DISS_area_code>666</DISS_area_code>
          <DISS_phone_num>4201999</DISS_phone_num>
          <DISS_phone_ext/>
        </DISS_phone_fax>
        <DISS_address>
          <DISS_addrline>1 Fake Road</DISS_addrline>
          <DISS_city>Unreal City</DISS_city>
          <DISS_st>State of Denial</DISS_st>
          <DISS_pcode>00000</DISS_pcode>
          <DISS_country>Earth</DISS_country>
        </DISS_address>
        <DISS_email>fake@hotmail.con</DISS_email>
      </DISS_contact>
      <DISS_contact type="future">
        <DISS_contact_effdt>09/12/2014</DISS_contact_effdt>
        <DISS_phone_fax type="P">
          <DISS_cntry_cd>0</DISS_cntry_cd>
          <DISS_area_code>666</DISS_area_code>
          <DISS_phone_num>4201999</DISS_phone_num>
          <DISS_phone_ext/>
        </DISS_phone_fax>
        <DISS_address>
          <DISS_addrline>1 Fake Road</DISS_addrline>
          <DISS_city>Unreal City</DISS_city>
          <DISS_st>State of Denial</DISS_st>
          <DISS_pcode>00000</DISS_pcode>
          <DISS_country>Earth</DISS_country>
        </DISS_address>
        <DISS_email>fake@hotmail.con</DISS_email>
      </DISS_contact>
      <DISS_citizenship>N/A</DISS_citizenship>
    </DISS_author>
  </DISS_authorship>
  <DISS_description page_count="169" type="doctoral" external_id="http://dissertations.umi.com/ucsb:12022" apply_for_copyright="no">
    <DISS_title>Hardening Materials Against Certain Magicks</DISS_title>
    <DISS_dates>
      <DISS_comp_date>2014</DISS_comp_date>
      <DISS_accept_date>01/01/2014</DISS_accept_date>
    </DISS_dates>
    <DISS_degree>Ph.D.</DISS_degree>
    <DISS_institution>
      <DISS_inst_code>0035</DISS_inst_code>
      <DISS_inst_name>University of California, Santa Barbara</DISS_inst_name>
      <DISS_inst_contact>Materials</DISS_inst_contact>
      <DISS_processing_code>D</DISS_processing_code>
    </DISS_institution>
    <DISS_advisor>
      <DISS_name>
        <DISS_surname>Flitwick</DISS_surname>
        <DISS_fname>Jan</DISS_fname>
        <DISS_middle>L</DISS_middle>
      </DISS_name>
    </DISS_advisor>
    <DISS_cmte_member>
      <DISS_name>
        <DISS_surname>Squid</DISS_surname>
        <DISS_fname>Jack</DISS_fname>
        <DISS_middle>T</DISS_middle>
        <DISS_suffix/>
        <DISS_affiliation/>
      </DISS_name>
    </DISS_cmte_member>
    <DISS_cmte_member>
      <DISS_name>
        <DISS_surname>Flute</DISS_surname>
        <DISS_fname>Grip</DISS_fname>
        <DISS_middle/>
        <DISS_suffix/>
        <DISS_affiliation/>
      </DISS_name>
    </DISS_cmte_member>
    <DISS_categorization>
      <DISS_category>
        <DISS_cat_code>0794</DISS_cat_code>
        <DISS_cat_desc>Materials Science</DISS_cat_desc>
      </DISS_category>
      <DISS_keyword>Clam chowder</DISS_keyword>
      <DISS_language>en</DISS_language>
    </DISS_categorization>
  </DISS_description>
  <DISS_content>
    <DISS_abstract>
      <DISS_para>Henry Crawford had quite made up his mind by the next morning to give another fortnight to Mansfield, and having sent for his hunters, and written a few lines of explanation to the Admiral, he looked round at his sister as he sealed and threw the letter from him, and seeing the coast clear of the rest of the family, said, with a smile, "And how do you think I mean to amuse myself, Mary, on the days that I do not hunt? I am grown too old to go out more than three times a week; but I have a plan for the intermediate days, and what do you think it is?"</DISS_para>
      <DISS_para>"To walk and ride with me, to be sure."</DISS_para>
      <DISS_para>Relationships between the material properties and the rate-dependent fracture strength of ceramics are determined, which enable the development ceramics with improved ballistic performance through manufacturing. Dynamic strengthening observed at high rates is attributed to two mechanisms that inhibit microcrack growth and thus delay the fracture process: (i) radial inertia-induced confinement and (ii) the finite velocity of microcracks. Two key parameters, the quasistatic strength and the critical strain rate, are determined as functions of material properties. Using these parameters a universal scaling relationship is developed that describes the rate-dependent compressive strength of ceramics in a state of uniaxial stress. </DISS_para>
      <DISS_para>"Not exactly, though I shall be happy to do both, but that would be exercise only to my body, and I must take care of my mind. Besides, that would be all recreation and indulgence, without the wholesome alloy of labour, and I do not like to eat the bread of idleness. No, my plan is to make Fanny Price in love with me."</DISS_para>
    </DISS_abstract>
    <DISS_binary type="PDF">Hollandaise_ucsb_0035D_12022.pdf</DISS_binary>
  </DISS_content>
  <DISS_restriction/>
  <DISS_repository>
    <DISS_version/>
    <DISS_agreement_decision_date/>
    <DISS_acceptance/>
    <DISS_delayed_release/>
    <DISS_access_option/>
  </DISS_repository>
</DISS_submission>
